support_mode,variant,first,second,width_mm,segment,paired_realizations,n_geometry,equal_geometry_share_change_pp,equal_geometry_raw_peak_change,share_geometry_positive,share_geometry_negative,share_geometry_zero,raw_geometry_positive,raw_geometry_negative,raw_geometry_zero
variant_native,original_native,0,10,2,L1,780,13,0.15199508505976417,2238.9193678903334,11,2,0,11,2,0
variant_native,original_native,0,10,2,L2,780,13,-0.016324635628594944,1713.2469121233007,8,5,0,12,1,0
variant_native,original_native,0,10,2,L3,780,13,-0.2095472842548667,591.2814506115684,5,8,0,11,2,0
variant_native,original_native,0,10,2,L4,780,13,0.04819749250841024,1537.8989304267575,7,6,0,12,1,0
variant_native,original_native,0,10,2,L5,780,13,-0.13149241104171433,809.3391187561455,6,7,0,12,1,0
variant_native,original_native,0,10,2,S1,780,13,-0.09400399586519474,2638.129449270433,6,7,0,11,2,0
variant_native,original_native,0,10,2,S2,780,13,0.2511757492221957,2374.1243334154287,8,5,0,13,0,0
variant_native,original_native,0,10,5,L1,780,13,0.14748947726669323,243.32923818263617,10,3,0,11,2,0
variant_native,original_native,0,10,5,L2,780,13,0.2576246696346392,157.97236964933515,9,4,0,12,1,0
variant_native,original_native,0,10,5,L3,780,13,-0.057376796514782676,-93.37656182909497,7,6,0,8,5,0
variant_native,original_native,0,10,5,L4,780,13,0.21136771655663988,271.17442208161816,6,7,0,10,3,0
variant_native,original_native,0,10,5,L5,780,13,-0.2596510477299864,48.58317118403337,5,8,0,7,6,0
variant_native,original_native,0,10,5,S1,780,13,-0.15134410530417636,249.9898517826341,5,8,0,12,1,0
variant_native,original_native,0,10,5,S2,780,13,-0.14810991390902714,151.69876976408943,4,9,0,13,0,0
variant_native,original_native,0,10,10,L1,780,13,1.631182792597983,295.3680944245173,12,1,0,11,2,0
variant_native,original_native,0,10,10,L2,780,13,0.5056272751326512,54.22502812197286,7,6,0,9,4,0
variant_native,original_native,0,10,10,L3,780,13,-0.12797117149528975,-64.37347784919967,6,7,0,7,6,0
variant_native,original_native,0,10,10,L4,780,13,-0.3117933242793201,9.616881186717277,4,9,0,4,9,0
variant_native,original_native,0,10,10,L5,780,13,-0.5752512328765902,-42.40209399301217,2,11,0,2,11,0
variant_native,original_native,0,10,10,S1,780,13,-0.5698370258632207,6.11071507302736,2,11,0,8,5,0
variant_native,original_native,0,10,10,S2,780,13,-0.5519573132162134,8.407415204880076,3,10,0,10,3,0
variant_native,common_endpoint,0,10,2,L1,780,13,0.1811387898035348,2255.2859483326833,11,2,0,11,2,0
variant_native,common_endpoint,0,10,2,L2,780,13,-0.06365631030458399,1696.597363619218,8,5,0,12,1,0
variant_native,common_endpoint,0,10,2,L3,780,13,-0.24566121767444324,459.2243312445866,3,10,0,11,2,0
variant_native,common_endpoint,0,10,2,L4,780,13,0.028170192278647973,1467.942464483082,6,7,0,12,1,0
variant_native,common_endpoint,0,10,2,L5,780,13,-0.1228813076131304,290.1664907675229,5,8,0,12,1,0
variant_native,common_endpoint,0,10,2,S1,780,13,-0.111046325931368,2633.114064621811,7,6,0,11,2,0
variant_native,common_endpoint,0,10,2,S2,780,13,0.33393617944134235,2395.6563245850584,10,3,0,13,0,0
variant_native,common_endpoint,0,10,5,L1,780,13,0.2768732947333177,262.2093345504867,11,2,0,11,2,0
variant_native,common_endpoint,0,10,5,L2,780,13,0.1942317836754504,115.23381009883823,8,5,0,12,1,0
variant_native,common_endpoint,0,10,5,L3,780,13,-0.06305209336771812,-120.11691574834934,7,6,0,8,5,0
variant_native,common_endpoint,0,10,5,L4,780,13,0.030377734670766057,192.9009308088007,5,8,0,10,3,0
variant_native,common_endpoint,0,10,5,L5,780,13,-0.2092588598662717,-30.913913561422696,4,9,0,7,6,0
variant_native,common_endpoint,0,10,5,S1,780,13,-0.12879579290640175,246.97058166553444,5,8,0,12,1,0
variant_native,common_endpoint,0,10,5,S2,780,13,-0.10037606693914312,152.21621334616322,4,9,0,13,0,0
variant_native,common_endpoint,0,10,10,L1,780,13,1.631182792597983,295.3680944245173,12,1,0,11,2,0
variant_native,common_endpoint,0,10,10,L2,780,13,0.5056272751326512,54.22502812197286,7,6,0,9,4,0
variant_native,common_endpoint,0,10,10,L3,780,13,-0.12797117149528975,-64.37347784919967,6,7,0,7,6,0
variant_native,common_endpoint,0,10,10,L4,780,13,-0.3117933242793201,9.616881186717277,4,9,0,4,9,0
variant_native,common_endpoint,0,10,10,L5,780,13,-0.5752512328765902,-42.40209399301217,2,11,0,2,11,0
variant_native,common_endpoint,0,10,10,S1,780,13,-0.5698370258632207,6.11071507302736,2,11,0,8,5,0
variant_native,common_endpoint,0,10,10,S2,780,13,-0.5519573132162134,8.407415204880076,3,10,0,10,3,0
variant_native,common_endpoint_central,0,10,2,L1,780,13,0.15013213666922878,2151.8352089285213,9,4,0,12,1,0
variant_native,common_endpoint_central,0,10,2,L2,780,13,-0.06072062386615235,1490.7934424786129,7,6,0,12,1,0
variant_native,common_endpoint_central,0,10,2,L3,780,13,-0.14932398904129318,388.7695047876692,4,9,0,12,1,0
variant_native,common_endpoint_central,0,10,2,L4,780,13,-0.13066341149705113,346.61851328306864,3,10,0,12,1,0
variant_native,common_endpoint_central,0,10,2,L5,780,13,0.04219903018076694,464.33994299936626,5,8,0,12,1,0
variant_native,common_endpoint_central,0,10,2,S1,780,13,-0.012787426769220777,787.930831719085,4,9,0,13,0,0
variant_native,common_endpoint_central,0,10,2,S2,780,13,0.16116428432372207,1462.1979585074748,9,4,0,13,0,0
variant_native,common_endpoint_central,0,10,5,L1,780,13,0.679383786481298,325.2005743735312,12,1,0,12,1,0
variant_native,common_endpoint_central,0,10,5,L2,780,13,0.0300688203973742,29.09024255782867,8,5,0,8,5,0
variant_native,common_endpoint_central,0,10,5,L3,780,13,-0.30505094450861125,-177.8075983092573,4,9,0,6,7,0
variant_native,common_endpoint_central,0,10,5,L4,780,13,-0.015422046015323572,-14.793137316106053,4,9,0,7,6,0
variant_native,common_endpoint_central,0,10,5,L5,780,13,-0.06153684755387972,-24.685296431530794,5,8,0,9,4,0
variant_native,common_endpoint_central,0,10,5,S1,780,13,-0.24525740508237293,34.19043176091098,2,11,0,10,3,0
variant_native,common_endpoint_central,0,10,5,S2,780,13,-0.08218536371848452,115.0236323135378,4,9,0,12,1,0
variant_native,common_endpoint_central,0,10,10,L1,780,13,1.631182792597983,295.3680944245173,12,1,0,11,2,0
variant_native,common_endpoint_central,0,10,10,L2,780,13,0.5056272751326512,54.22502812197286,7,6,0,9,4,0
variant_native,common_endpoint_central,0,10,10,L3,780,13,-0.12797117149528975,-64.37347784919967,6,7,0,7,6,0
variant_native,common_endpoint_central,0,10,10,L4,780,13,-0.3117933242793201,9.616881186717277,4,9,0,4,9,0
variant_native,common_endpoint_central,0,10,10,L5,780,13,-0.5752512328765902,-42.40209399301217,2,11,0,2,11,0
variant_native,common_endpoint_central,0,10,10,S1,780,13,-0.5698370258632207,6.11071507302736,2,11,0,8,5,0
variant_native,common_endpoint_central,0,10,10,S2,780,13,-0.5519573132162134,8.407415204880076,3,10,0,10,3,0
variant_native,original_native,0,20,2,L1,780,13,0.24919379476699677,4625.713110871344,11,2,0,11,2,0
variant_native,original_native,0,20,2,L2,780,13,-0.14110138331326885,3573.520588809877,7,6,0,12,1,0
variant_native,original_native,0,20,2,L3,780,13,-0.37430634772005394,1360.187392297937,5,8,0,11,2,0
variant_native,original_native,0,20,2,L4,780,13,0.12159838384838582,3007.2460874757526,7,6,0,12,1,0
variant_native,original_native,0,20,2,L5,780,13,-0.19524814033303559,1663.19540702161,7,6,0,12,1,0
variant_native,original_native,0,20,2,S1,780,13,-0.29228845924357905,5312.03526403669,6,7,0,11,2,0
variant_native,original_native,0,20,2,S2,780,13,0.6321521519945551,5252.563094355648,9,4,0,13,0,0
variant_native,original_native,0,20,5,L1,780,13,0.2522798259334246,454.9411233782573,10,3,0,11,2,0
variant_native,original_native,0,20,5,L2,780,13,0.41403233787535915,259.86370158673185,9,4,0,12,1,0
variant_native,original_native,0,20,5,L3,780,13,-0.3352886052447339,-278.7118521668514,7,6,0,8,5,0
variant_native,original_native,0,20,5,L4,780,13,0.44926788651343885,495.11870078996776,6,7,0,10,3,0
variant_native,original_native,0,20,5,L5,780,13,-0.4211150906768717,67.45490972941977,5,8,0,6,7,0
variant_native,original_native,0,20,5,S1,780,13,-0.22941375654781024,479.13252021097503,5,8,0,12,1,0
variant_native,original_native,0,20,5,S2,780,13,-0.1297625978528065,337.5124787323283,4,9,0,13,0,0
variant_native,original_native,0,20,10,L1,780,13,2.868870257529238,515.1210232740297,12,1,0,11,2,0
variant_native,original_native,0,20,10,L2,780,13,0.8262263283238037,52.76527583314213,9,4,0,9,4,0
variant_native,original_native,0,20,10,L3,780,13,-0.24050406166410968,-171.5751601861872,6,7,0,7,6,0
variant_native,original_native,0,20,10,L4,780,13,-0.5306238607642472,-25.565470576563875,4,9,0,4,9,0
variant_native,original_native,0,20,10,L5,780,13,-1.065709277395221,-137.4390821010695,2,11,0,2,11,0
variant_native,original_native,0,20,10,S1,780,13,-0.9067738122769805,-20.712243184722745,3,10,0,5,8,0
variant_native,original_native,0,20,10,S2,780,13,-0.9514855737524838,-9.977959936931942,3,10,0,4,9,0
variant_native,common_endpoint,0,20,2,L1,780,13,0.2624264386751816,4626.728285983753,11,2,0,11,2,0
variant_native,common_endpoint,0,20,2,L2,780,13,-0.22484322341161617,3547.765760098106,7,6,0,12,1,0
variant_native,common_endpoint,0,20,2,L3,780,13,-0.3994505482087122,1148.447606689804,5,8,0,11,2,0
variant_native,common_endpoint,0,20,2,L4,780,13,0.06455955239254509,2850.2971119130266,6,7,0,12,1,0
variant_native,common_endpoint,0,20,2,L5,780,13,-0.1785840231532325,677.6044854787555,7,6,0,12,1,0
variant_native,common_endpoint,0,20,2,S1,780,13,-0.32460568010704083,5300.90801297145,6,7,0,11,2,0
variant_native,common_endpoint,0,20,2,S2,780,13,0.8004974838128753,5299.311164406898,10,3,0,13,0,0
variant_native,common_endpoint,0,20,5,L1,780,13,0.4445059091638519,485.30029966748793,11,2,0,11,2,0
variant_native,common_endpoint,0,20,5,L2,780,13,0.28793891331467275,180.21826411382833,8,5,0,12,1,0
variant_native,common_endpoint,0,20,5,L3,780,13,-0.2764067566001686,-303.5223685241986,7,6,0,8,5,0
variant_native,common_endpoint,0,20,5,L4,780,13,0.11763042117687046,347.3787809578864,5,8,0,10,3,0
variant_native,common_endpoint,0,20,5,L5,780,13,-0.3178780956517692,-73.55255350424322,5,8,0,6,7,0
variant_native,common_endpoint,0,20,5,S1,780,13,-0.19971256785974936,469.3646437715016,5,8,0,12,1,0
variant_native,common_endpoint,0,20,5,S2,780,13,-0.05607782354370762,338.8071672856016,5,8,0,13,0,0
variant_native,common_endpoint,0,20,10,L1,780,13,2.868870257529238,515.1210232740297,12,1,0,11,2,0
variant_native,common_endpoint,0,20,10,L2,780,13,0.8262263283238037,52.76527583314213,9,4,0,9,4,0
variant_native,common_endpoint,0,20,10,L3,780,13,-0.24050406166410968,-171.5751601861872,6,7,0,7,6,0
variant_native,common_endpoint,0,20,10,L4,780,13,-0.5306238607642472,-25.565470576563875,4,9,0,4,9,0
variant_native,common_endpoint,0,20,10,L5,780,13,-1.065709277395221,-137.4390821010695,2,11,0,2,11,0
variant_native,common_endpoint,0,20,10,S1,780,13,-0.9067738122769805,-20.712243184722745,3,10,0,5,8,0
variant_native,common_endpoint,0,20,10,S2,780,13,-0.9514855737524838,-9.977959936931942,3,10,0,4,9,0
variant_native,common_endpoint_central,0,20,2,L1,780,13,0.0029704930499746115,4319.467307100499,9,4,0,12,1,0
variant_native,common_endpoint_central,0,20,2,L2,780,13,-0.202893116368242,3168.799495769014,7,6,0,12,1,0
variant_native,common_endpoint_central,0,20,2,L3,780,13,-0.2969448044473552,946.4235655622074,5,8,0,12,1,0
variant_native,common_endpoint_central,0,20,2,L4,780,13,-0.2279155909217321,659.6394552893814,4,9,0,11,2,0
variant_native,common_endpoint_central,0,20,2,L5,780,13,0.1910130843729467,1077.6659973757994,6,7,0,12,1,0
variant_native,common_endpoint_central,0,20,2,S1,780,13,0.07695743063073122,1783.3145501699692,4,9,0,12,1,0
variant_native,common_endpoint_central,0,20,2,S2,780,13,0.45681250368367665,3398.578647860042,9,4,0,13,0,0
variant_native,common_endpoint_central,0,20,5,L1,780,13,1.10579558719632,591.4775593369576,11,2,0,11,2,0
variant_native,common_endpoint_central,0,20,5,L2,780,13,-0.06847903622876425,4.383651421014847,8,5,0,8,5,0
variant_native,common_endpoint_central,0,20,5,L3,780,13,-0.6341952802028381,-394.13105359633835,4,9,0,6,7,0
variant_native,common_endpoint_central,0,20,5,L4,780,13,-0.051475630933068055,-101.56403585185166,4,9,0,7,6,0
variant_native,common_endpoint_central,0,20,5,L5,780,13,0.01635196227802508,-69.76810831850887,5,8,0,6,7,0
variant_native,common_endpoint_central,0,20,5,S1,780,13,-0.36530307680754665,41.15355056795546,3,10,0,8,5,0
variant_native,common_endpoint_central,0,20,5,S2,780,13,-0.0026945253021278047,263.18988917987195,5,8,0,11,2,0
variant_native,common_endpoint_central,0,20,10,L1,780,13,2.868870257529238,515.1210232740297,12,1,0,11,2,0
variant_native,common_endpoint_central,0,20,10,L2,780,13,0.8262263283238037,52.76527583314213,9,4,0,9,4,0
variant_native,common_endpoint_central,0,20,10,L3,780,13,-0.24050406166410968,-171.5751601861872,6,7,0,7,6,0
variant_native,common_endpoint_central,0,20,10,L4,780,13,-0.5306238607642472,-25.565470576563875,4,9,0,4,9,0
variant_native,common_endpoint_central,0,20,10,L5,780,13,-1.065709277395221,-137.4390821010695,2,11,0,2,11,0
variant_native,common_endpoint_central,0,20,10,S1,780,13,-0.9067738122769805,-20.712243184722745,3,10,0,5,8,0
variant_native,common_endpoint_central,0,20,10,S2,780,13,-0.9514855737524838,-9.977959936931942,3,10,0,4,9,0
variant_native,original_native,0,100,2,L1,780,13,0.10636967948280979,-3975.3013352111575,7,6,0,4,9,0
variant_native,original_native,0,100,2,L2,780,13,-1.4386388426949663,-3433.4377258313575,6,7,0,5,8,0
variant_native,original_native,0,100,2,L3,780,13,0.6004410217709063,-1609.57465458489,6,7,0,5,8,0
variant_native,original_native,0,100,2,L4,780,13,-0.7101857473761617,-6860.052709961603,8,5,0,5,8,0
variant_native,original_native,0,100,2,L5,780,13,0.9934641031563894,-2414.553572360476,10,3,0,6,7,0
variant_native,original_native,0,100,2,S1,780,13,-3.975288261344685,-9125.03134240802,4,9,0,4,9,0
variant_native,original_native,0,100,2,S2,780,13,4.423838047005706,8805.055541559772,11,2,0,9,4,0
variant_native,original_native,0,100,5,L1,780,13,-3.7345159785692776,-3233.05614409017,1,12,0,0,13,0
variant_native,original_native,0,100,5,L2,780,13,-2.891469224714287,-2619.382426216939,2,11,0,0,13,0
variant_native,original_native,0,100,5,L3,780,13,-0.7371998874556348,-2189.826721389251,4,9,0,1,12,0
variant_native,original_native,0,100,5,L4,780,13,-0.2420252269651432,-2602.256671072612,8,5,0,2,11,0
variant_native,original_native,0,100,5,L5,780,13,1.0596810205588931,-2336.498827440061,10,3,0,3,10,0
variant_native,original_native,0,100,5,S1,780,13,-0.22339583435099739,-2801.9801036050867,7,6,0,4,9,0
variant_native,original_native,0,100,5,S2,780,13,6.768925131496447,602.2417783067705,13,0,0,8,5,0
variant_native,original_native,0,100,10,L1,780,13,-4.7364102296400326,-1665.5295064679992,1,12,0,0,13,0
variant_native,original_native,0,100,10,L2,780,13,-1.3489092764110127,-1189.281503941778,3,10,0,0,13,0
variant_native,original_native,0,100,10,L3,780,13,-0.27350236401771877,-1210.1915031231538,6,7,0,0,13,0
variant_native,original_native,0,100,10,L4,780,13,0.4168222752505646,-1177.9245580160127,9,4,0,0,13,0
variant_native,original_native,0,100,10,L5,780,13,0.9718521006425752,-1169.7730688233924,11,2,0,0,13,0
variant_native,original_native,0,100,10,S1,780,13,0.6439104696955739,-1382.8750209768773,8,5,0,2,11,0
variant_native,original_native,0,100,10,S2,780,13,4.326237024480049,-388.9334975042973,12,1,0,2,11,0
variant_native,common_endpoint,0,100,2,L1,780,13,-0.27151165480193395,-3953.131065900265,7,6,0,4,9,0
variant_native,common_endpoint,0,100,2,L2,780,13,-1.6185595425053994,-3168.424877016566,6,7,0,5,8,0
variant_native,common_endpoint,0,100,2,L3,780,13,0.9311807795465646,-748.8631069222356,7,6,0,6,7,0
variant_native,common_endpoint,0,100,2,L4,780,13,-0.5678214340404651,-6301.472851257324,8,5,0,5,8,0
variant_native,common_endpoint,0,100,2,L5,780,13,1.2987077706132537,-949.8006537136102,10,3,0,7,6,0
variant_native,common_endpoint,0,100,2,S1,780,13,-4.4368674775354515,-9285.038037268201,4,9,0,4,9,0
variant_native,common_endpoint,0,100,2,S2,780,13,4.664871558723433,9199.414440249842,11,2,0,10,3,0
variant_native,common_endpoint,0,100,5,L1,780,13,-3.990407495005605,-3180.855839600262,1,12,0,0,13,0
variant_native,common_endpoint,0,100,5,L2,780,13,-2.65386700321514,-2474.513249486998,2,11,0,0,13,0
variant_native,common_endpoint,0,100,5,L3,780,13,-0.43202277987243176,-2018.2403494387313,6,7,0,1,12,0
variant_native,common_endpoint,0,100,5,L4,780,13,-0.17850419410095272,-2452.6029110498525,8,5,0,2,11,0
variant_native,common_endpoint,0,100,5,L5,780,13,1.5915681137453244,-1768.521537253902,11,2,0,4,9,0
variant_native,common_endpoint,0,100,5,S1,780,13,-0.7468748939475076,-2829.433615608301,7,6,0,4,9,0
variant_native,common_endpoint,0,100,5,S2,780,13,6.410108252396312,595.8908689110931,13,0,0,8,5,0
variant_native,common_endpoint,0,100,10,L1,780,13,-4.7364102296400326,-1665.5295064679992,1,12,0,0,13,0
variant_native,common_endpoint,0,100,10,L2,780,13,-1.3489092764110127,-1189.281503941778,3,10,0,0,13,0
variant_native,common_endpoint,0,100,10,L3,780,13,-0.27350236401771877,-1210.1915031231538,6,7,0,0,13,0
variant_native,common_endpoint,0,100,10,L4,780,13,0.4168222752505646,-1177.9245580160127,9,4,0,0,13,0
variant_native,common_endpoint,0,100,10,L5,780,13,0.9718521006425752,-1169.7730688233924,11,2,0,0,13,0
variant_native,common_endpoint,0,100,10,S1,780,13,0.6439104696955739,-1382.8750209768773,8,5,0,2,11,0
variant_native,common_endpoint,0,100,10,S2,780,13,4.326237024480049,-388.9334975042973,12,1,0,2,11,0
variant_native,common_endpoint_central,0,100,2,L1,780,13,-4.340792426060039,-5930.366923972275,1,12,0,0,13,0
variant_native,common_endpoint_central,0,100,2,L2,780,13,-2.056612711203156,-3026.484710363955,4,9,0,5,8,0
variant_native,common_endpoint_central,0,100,2,L3,780,13,1.0854656243349226,316.6012186025685,6,7,0,6,7,0
variant_native,common_endpoint_central,0,100,2,L4,780,13,-0.7559020192579985,-3569.8326759725824,5,8,0,6,7,0
variant_native,common_endpoint_central,0,100,2,L5,780,13,1.4024176439680214,1165.1212849725248,10,3,0,10,3,0
variant_native,common_endpoint_central,0,100,2,S1,780,13,-0.014385941328980719,-896.0558885469082,8,5,0,9,4,0
variant_native,common_endpoint_central,0,100,2,S2,780,13,4.679809829547231,10996.608227320916,11,2,0,12,1,0
variant_native,common_endpoint_central,0,100,5,L1,780,13,-6.050238364244346,-3032.212405086786,0,13,0,0,13,0
variant_native,common_endpoint_central,0,100,5,L2,780,13,-2.861559650621614,-2240.837248621988,1,12,0,1,12,0
variant_native,common_endpoint_central,0,100,5,L3,780,13,1.0138088467202955,-1174.2585212203899,7,6,0,1,12,0
variant_native,common_endpoint_central,0,100,5,L4,780,13,-0.5292151647759218,-2220.3141522127594,10,3,0,2,11,0
variant_native,common_endpoint_central,0,100,5,L5,780,13,2.0711321310150996,-1180.2631448967252,10,3,0,5,8,0
variant_native,common_endpoint_central,0,100,5,S1,780,13,1.0626870984190278,-1726.285185453853,8,5,0,6,7,0
variant_native,common_endpoint_central,0,100,5,S2,780,13,5.293385103487458,595.9561930875142,12,1,0,7,6,0
variant_native,common_endpoint_central,0,100,10,L1,780,13,-4.7364102296400326,-1665.5295064679992,1,12,0,0,13,0
variant_native,common_endpoint_central,0,100,10,L2,780,13,-1.3489092764110127,-1189.281503941778,3,10,0,0,13,0
variant_native,common_endpoint_central,0,100,10,L3,780,13,-0.27350236401771877,-1210.1915031231538,6,7,0,0,13,0
variant_native,common_endpoint_central,0,100,10,L4,780,13,0.4168222752505646,-1177.9245580160127,9,4,0,0,13,0
variant_native,common_endpoint_central,0,100,10,L5,780,13,0.9718521006425752,-1169.7730688233924,11,2,0,0,13,0
variant_native,common_endpoint_central,0,100,10,S1,780,13,0.6439104696955739,-1382.8750209768773,8,5,0,2,11,0
variant_native,common_endpoint_central,0,100,10,S2,780,13,4.326237024480049,-388.9334975042973,12,1,0,2,11,0
variant_native,original_native,10,20,2,L1,780,13,0.09719870970723224,2386.7937429810117,11,2,0,11,2,0
variant_native,original_native,10,20,2,L2,780,13,-0.12477674768467387,1860.2736766865771,7,6,0,12,1,0
variant_native,original_native,10,20,2,L3,780,13,-0.16475906346518712,768.9059416863693,6,7,0,11,2,0
variant_native,original_native,10,20,2,L4,780,13,0.07340089133997553,1469.347157048995,7,6,0,12,1,0
variant_native,original_native,10,20,2,L5,780,13,-0.06375572929132121,853.8562882654642,7,6,0,12,1,0
variant_native,original_native,10,20,2,S1,780,13,-0.1982844633783845,2673.9058147662554,6,7,0,11,2,0
variant_native,original_native,10,20,2,S2,780,13,0.3809764027723594,2878.4387609402206,10,3,0,13,0,0
variant_native,original_native,10,20,5,L1,780,13,0.1047903486667317,211.6118851956212,11,2,0,11,2,0
variant_native,original_native,10,20,5,L2,780,13,0.15640766824071997,101.89133193739659,9,4,0,12,1,0
variant_native,original_native,10,20,5,L3,780,13,-0.27791180872995147,-185.3352903377563,7,6,0,8,5,0
variant_native,original_native,10,20,5,L4,780,13,0.23790016995679933,223.94427870834986,9,4,0,10,3,0
variant_native,original_native,10,20,5,L5,780,13,-0.16146404294688535,18.871738545386382,6,7,0,6,7,0
variant_native,original_native,10,20,5,S1,780,13,-0.07806965124363392,229.14266842834087,5,8,0,12,1,0
variant_native,original_native,10,20,5,S2,780,13,0.018347316056220603,185.81370896823876,6,7,0,12,1,0
variant_native,original_native,10,20,10,L1,780,13,1.2376874649312546,219.75292884951244,12,1,0,11,2,0
variant_native,original_native,10,20,10,L2,780,13,0.3205990531911525,-1.4597522888308407,10,3,0,9,4,0
variant_native,original_native,10,20,10,L3,780,13,-0.11253289016881987,-107.20168233698746,7,6,0,7,6,0
variant_native,original_native,10,20,10,L4,780,13,-0.21883053648492712,-35.18235176328115,4,9,0,4,9,0
variant_native,original_native,10,20,10,L5,780,13,-0.49045804451863095,-95.03698810805727,2,11,0,1,12,0
variant_native,original_native,10,20,10,S1,780,13,-0.3369367864137595,-26.82295825775009,3,10,0,5,8,0
variant_native,original_native,10,20,10,S2,780,13,-0.39952826053627033,-18.385375141812016,4,9,0,3,10,0
variant_native,common_endpoint,10,20,2,L1,780,13,0.08128764887164654,2371.442337651071,11,2,0,11,2,0
variant_native,common_endpoint,10,20,2,L2,780,13,-0.16118691310703218,1851.1683964788886,7,6,0,12,1,0
variant_native,common_endpoint,10,20,2,L3,780,13,-0.15378933053426908,689.2232754452172,5,8,0,11,2,0
variant_native,common_endpoint,10,20,2,L4,780,13,0.036389360113897026,1382.354647429945,6,7,0,12,1,0
variant_native,common_endpoint,10,20,2,L5,780,13,-0.05570271554010213,387.43799471123305,8,5,0,12,1,0
variant_native,common_endpoint,10,20,2,S1,780,13,-0.2135593541756729,2667.7939483496384,6,7,0,11,2,0
variant_native,common_endpoint,10,20,2,S2,780,13,0.4665613043715328,2903.654839821839,10,3,0,13,0,0
variant_native,common_endpoint,10,20,5,L1,780,13,0.1676326144305341,223.09096511700102,11,2,0,11,2,0
variant_native,common_endpoint,10,20,5,L2,780,13,0.09370712963922224,64.98445401499006,8,5,0,12,1,0
variant_native,common_endpoint,10,20,5,L3,780,13,-0.2133546632324507,-183.40545277584943,7,6,0,8,5,0
variant_native,common_endpoint,10,20,5,L4,780,13,0.08725268650610452,154.47785014908607,8,5,0,10,3,0
variant_native,common_endpoint,10,20,5,L5,780,13,-0.1086192357854973,-42.63863994282053,5,8,0,6,7,0
variant_native,common_endpoint,10,20,5,S1,780,13,-0.07091677495334761,222.39406210596715,5,8,0,12,1,0
variant_native,common_endpoint,10,20,5,S2,780,13,0.04429824339543539,186.59095393943832,6,7,0,12,1,0
variant_native,common_endpoint,10,20,10,L1,780,13,1.2376874649312546,219.75292884951244,12,1,0,11,2,0
variant_native,common_endpoint,10,20,10,L2,780,13,0.3205990531911525,-1.4597522888308407,10,3,0,9,4,0
variant_native,common_endpoint,10,20,10,L3,780,13,-0.11253289016881987,-107.20168233698746,7,6,0,7,6,0
variant_native,common_endpoint,10,20,10,L4,780,13,-0.21883053648492712,-35.18235176328115,4,9,0,4,9,0
variant_native,common_endpoint,10,20,10,L5,780,13,-0.49045804451863095,-95.03698810805727,2,11,0,1,12,0
variant_native,common_endpoint,10,20,10,S1,780,13,-0.3369367864137595,-26.82295825775009,3,10,0,5,8,0
variant_native,common_endpoint,10,20,10,S2,780,13,-0.39952826053627033,-18.385375141812016,4,9,0,3,10,0
variant_native,common_endpoint_central,10,20,2,L1,780,13,-0.14716164361925424,2167.6320981719778,8,5,0,12,1,0
variant_native,common_endpoint_central,10,20,2,L2,780,13,-0.1421724925020898,1678.006053290401,6,7,0,11,2,0
variant_native,common_endpoint_central,10,20,2,L3,780,13,-0.14762081540606212,557.6540607745385,5,8,0,12,1,0
variant_native,common_endpoint_central,10,20,2,L4,780,13,-0.09725217942468094,313.020942006313,5,8,0,11,2,0
variant_native,common_endpoint_central,10,20,2,L5,780,13,0.14881405419217975,613.3260543764333,7,6,0,12,1,0
variant_native,common_endpoint_central,10,20,2,S1,780,13,0.08974485739995187,995.3837184508836,7,6,0,11,2,0
variant_native,common_endpoint_central,10,20,2,S2,780,13,0.29564821935995456,1936.3806893525668,10,3,0,13,0,0
variant_native,common_endpoint_central,10,20,5,L1,780,13,0.42641180071502227,266.27698496342634,11,2,0,11,2,0
variant_native,common_endpoint_central,10,20,5,L2,780,13,-0.09854785662613866,-24.70659113681425,8,5,0,8,5,0
variant_native,common_endpoint_central,10,20,5,L3,780,13,-0.32914433569422663,-216.32345528708066,4,9,0,6,7,0
variant_native,common_endpoint_central,10,20,5,L4,780,13,-0.03605358491774461,-86.77089853574536,4,9,0,7,6,0
variant_native,common_endpoint_central,10,20,5,L5,780,13,0.07788880983190488,-45.082811886978064,5,8,0,5,8,0
variant_native,common_endpoint_central,10,20,5,S1,780,13,-0.12004567172517361,6.963118807044481,3,10,0,7,6,0
variant_native,common_endpoint_central,10,20,5,S2,780,13,0.07949083841635671,148.16625686633412,6,7,0,12,1,0
variant_native,common_endpoint_central,10,20,10,L1,780,13,1.2376874649312546,219.75292884951244,12,1,0,11,2,0
variant_native,common_endpoint_central,10,20,10,L2,780,13,0.3205990531911525,-1.4597522888308407,10,3,0,9,4,0
variant_native,common_endpoint_central,10,20,10,L3,780,13,-0.11253289016881987,-107.20168233698746,7,6,0,7,6,0
variant_native,common_endpoint_central,10,20,10,L4,780,13,-0.21883053648492712,-35.18235176328115,4,9,0,4,9,0
variant_native,common_endpoint_central,10,20,10,L5,780,13,-0.49045804451863095,-95.03698810805727,2,11,0,1,12,0
variant_native,common_endpoint_central,10,20,10,S1,780,13,-0.3369367864137595,-26.82295825775009,3,10,0,5,8,0
variant_native,common_endpoint_central,10,20,10,S2,780,13,-0.39952826053627033,-18.385375141812016,4,9,0,3,10,0
variant_native,original_native,10,100,2,L1,780,13,-0.04562540557695435,-6214.220703101492,6,7,0,0,13,0
variant_native,original_native,10,100,2,L2,780,13,-1.4223142070663701,-5146.684637954657,6,7,0,4,9,0
variant_native,original_native,10,100,2,L3,780,13,0.809988306025773,-2200.8561051964575,6,7,0,5,8,0
variant_native,original_native,10,100,2,L4,780,13,-0.7583832398845718,-8397.951640388363,8,5,0,4,9,0
variant_native,original_native,10,100,2,L5,780,13,1.1249565141981037,-3223.892691116622,10,3,0,6,7,0
variant_native,original_native,10,100,2,S1,780,13,-3.881284265479489,-11763.16079167845,4,9,0,3,10,0
variant_native,original_native,10,100,2,S2,780,13,4.17266229778351,6430.931208144346,11,2,0,9,4,0
variant_native,original_native,10,100,5,L1,780,13,-3.8820054558359707,-3476.3853822728056,0,13,0,0,13,0
variant_native,original_native,10,100,5,L2,780,13,-3.1490938943489257,-2777.3547958662743,2,11,0,0,13,0
variant_native,original_native,10,100,5,L3,780,13,-0.6798230909408516,-2096.450159560156,4,9,0,1,12,0
variant_native,original_native,10,100,5,L4,780,13,-0.45339294352178344,-2873.43109315423,7,6,0,2,11,0
variant_native,original_native,10,100,5,L5,780,13,1.3193320682888796,-2385.0819986240936,11,2,0,3,10,0
variant_native,original_native,10,100,5,S1,780,13,-0.07205172904682164,-3051.96995538772,7,6,0,3,10,0
variant_native,original_native,10,100,5,S2,780,13,6.917035045405474,450.54300854268115,13,0,0,8,5,0
variant_native,original_native,10,100,10,L1,780,13,-6.367593022238015,-1960.8976008925167,0,13,0,0,13,0
variant_native,original_native,10,100,10,L2,780,13,-1.854536551543664,-1243.5065320637511,3,10,0,0,13,0
variant_native,original_native,10,100,10,L3,780,13,-0.14553119252242905,-1145.8180252739542,6,7,0,0,13,0
variant_native,original_native,10,100,10,L4,780,13,0.7286155995298847,-1187.5414392027299,9,4,0,0,13,0
variant_native,original_native,10,100,10,L5,780,13,1.5471033335191655,-1127.37097483038,11,2,0,1,12,0
variant_native,original_native,10,100,10,S1,780,13,1.2137474955587941,-1388.985736049905,8,5,0,2,11,0
variant_native,original_native,10,100,10,S2,780,13,4.878194337696262,-397.34091270917736,13,0,0,2,11,0
variant_native,common_endpoint,10,100,2,L1,780,13,-0.4526504446054686,-6208.4170142329485,5,8,0,0,13,0
variant_native,common_endpoint,10,100,2,L2,780,13,-1.5549032322008156,-4865.022240635784,6,7,0,4,9,0
variant_native,common_endpoint,10,100,2,L3,780,13,1.176841997221008,-1208.0874381668214,8,5,0,6,7,0
variant_native,common_endpoint,10,100,2,L4,780,13,-0.5959916263191137,-7769.415315740408,8,5,0,4,9,0
variant_native,common_endpoint,10,100,2,L5,780,13,1.4215890782263836,-1239.9671444811354,10,3,0,6,7,0
variant_native,common_endpoint,10,100,2,S1,780,13,-4.325821151604083,-11918.15210189001,4,9,0,3,10,0
variant_native,common_endpoint,10,100,2,S2,780,13,4.3309353792820895,6803.758115664784,11,2,0,10,3,0
variant_native,common_endpoint,10,100,5,L1,780,13,-4.267280789738922,-3443.065174150749,0,13,0,0,13,0
variant_native,common_endpoint,10,100,5,L2,780,13,-2.8480987868905907,-2589.7470595858367,2,11,0,0,13,0
variant_native,common_endpoint,10,100,5,L3,780,13,-0.36897068650471365,-1898.1234336903822,5,8,0,1,12,0
variant_native,common_endpoint,10,100,5,L4,780,13,-0.20888192877171927,-2645.5038418586537,8,5,0,2,11,0
variant_native,common_endpoint,10,100,5,L5,780,13,1.8008269736115956,-1737.6076236924785,12,1,0,4,9,0
variant_native,common_endpoint,10,100,5,S1,780,13,-0.6180791010411061,-3076.404197273835,7,6,0,3,10,0
variant_native,common_endpoint,10,100,5,S2,780,13,6.510484319335457,443.67465556492994,13,0,0,8,5,0
variant_native,common_endpoint,10,100,10,L1,780,13,-6.367593022238015,-1960.8976008925167,0,13,0,0,13,0
variant_native,common_endpoint,10,100,10,L2,780,13,-1.854536551543664,-1243.5065320637511,3,10,0,0,13,0
variant_native,common_endpoint,10,100,10,L3,780,13,-0.14553119252242905,-1145.8180252739542,6,7,0,0,13,0
variant_native,common_endpoint,10,100,10,L4,780,13,0.7286155995298847,-1187.5414392027299,9,4,0,0,13,0
variant_native,common_endpoint,10,100,10,L5,780,13,1.5471033335191655,-1127.37097483038,11,2,0,1,12,0
variant_native,common_endpoint,10,100,10,S1,780,13,1.2137474955587941,-1388.985736049905,8,5,0,2,11,0
variant_native,common_endpoint,10,100,10,S2,780,13,4.878194337696262,-397.34091270917736,13,0,0,2,11,0
variant_native,common_endpoint_central,10,100,2,L1,780,13,-4.490924562729269,-8082.202132900797,1,12,0,0,13,0
variant_native,common_endpoint_central,10,100,2,L2,780,13,-1.9958920873370034,-4517.278152842567,3,10,0,3,10,0
variant_native,common_endpoint_central,10,100,2,L3,780,13,1.2347896133762162,-72.16828618510043,6,7,0,6,7,0
variant_native,common_endpoint_central,10,100,2,L4,780,13,-0.6252386077609466,-3916.451189255652,6,7,0,4,9,0
variant_native,common_endpoint_central,10,100,2,L5,780,13,1.3602186137872538,700.781341973161,11,2,0,9,4,0
variant_native,common_endpoint_central,10,100,2,S1,780,13,-0.001598514559760225,-1683.9867202659918,8,5,0,9,4,0
variant_native,common_endpoint_central,10,100,2,S2,780,13,4.51864554522351,9534.41026881344,11,2,0,12,1,0
variant_native,common_endpoint_central,10,100,5,L1,780,13,-6.729622150725644,-3357.412979460317,0,13,0,0,13,0
variant_native,common_endpoint_central,10,100,5,L2,780,13,-2.891628471018989,-2269.927491179817,1,12,0,1,12,0
variant_native,common_endpoint_central,10,100,5,L3,780,13,1.3188597912289066,-996.4509229111324,9,4,0,1,12,0
variant_native,common_endpoint_central,10,100,5,L4,780,13,-0.513793118760598,-2205.5210148966526,10,3,0,2,11,0
variant_native,common_endpoint_central,10,100,5,L5,780,13,2.1326689785689794,-1155.5778484651944,11,2,0,5,8,0
variant_native,common_endpoint_central,10,100,5,S1,780,13,1.3079445035014006,-1760.4756172147636,8,5,0,6,7,0
variant_native,common_endpoint_central,10,100,5,S2,780,13,5.375570467205943,480.93256077397643,12,1,0,8,5,0
variant_native,common_endpoint_central,10,100,10,L1,780,13,-6.367593022238015,-1960.8976008925167,0,13,0,0,13,0
variant_native,common_endpoint_central,10,100,10,L2,780,13,-1.854536551543664,-1243.5065320637511,3,10,0,0,13,0
variant_native,common_endpoint_central,10,100,10,L3,780,13,-0.14553119252242905,-1145.8180252739542,6,7,0,0,13,0
variant_native,common_endpoint_central,10,100,10,L4,780,13,0.7286155995298847,-1187.5414392027299,9,4,0,0,13,0
variant_native,common_endpoint_central,10,100,10,L5,780,13,1.5471033335191655,-1127.37097483038,11,2,0,1,12,0
variant_native,common_endpoint_central,10,100,10,S1,780,13,1.2137474955587941,-1388.985736049905,8,5,0,2,11,0
variant_native,common_endpoint_central,10,100,10,S2,780,13,4.878194337696262,-397.34091270917736,13,0,0,2,11,0
variant_native,original_native,20,100,2,L1,780,13,-0.14282411528418645,-8601.014446082503,5,8,0,0,13,0
variant_native,original_native,20,100,2,L2,780,13,-1.297537459381697,-7006.958314641233,6,7,0,3,10,0
variant_native,original_native,20,100,2,L3,780,13,0.9747473694909601,-2969.7620468828277,7,6,0,3,10,0
variant_native,original_native,20,100,2,L4,780,13,-0.8317841312245476,-9867.29879743736,8,5,0,3,10,0
variant_native,original_native,20,100,2,L5,780,13,1.188712243489425,-4077.748979382083,10,3,0,4,9,0
variant_native,original_native,20,100,2,S1,780,13,-3.6829998021011052,-14437.066606444705,4,9,0,3,10,0
variant_native,original_native,20,100,2,S2,780,13,3.7916858950111516,3552.4924472041257,11,2,0,8,5,0
variant_native,original_native,20,100,5,L1,780,13,-3.986795804502702,-3687.997267468427,0,13,0,0,13,0
variant_native,original_native,20,100,5,L2,780,13,-3.305501562589645,-2879.246127803671,2,11,0,0,13,0
variant_native,original_native,20,100,5,L3,780,13,-0.4019112822108995,-1911.1148692223992,4,9,0,2,11,0
variant_native,original_native,20,100,5,L4,780,13,-0.6912931134785824,-3097.3753718625803,7,6,0,1,12,0
variant_native,original_native,20,100,5,L5,780,13,1.480796111235765,-2403.95373716948,11,2,0,3,10,0
variant_native,original_native,20,100,5,S1,780,13,0.006017922196811913,-3281.112623816062,7,6,0,3,10,0
variant_native,original_native,20,100,5,S2,780,13,6.898687729349254,264.7292995744424,13,0,0,7,6,0
variant_native,original_native,20,100,10,L1,780,13,-7.605280487169268,-2180.6505297420294,0,13,0,0,13,0
variant_native,original_native,20,100,10,L2,780,13,-2.1751356047348165,-1242.0467797749202,2,11,0,0,13,0
variant_native,original_native,20,100,10,L3,780,13,-0.03299830235360843,-1038.6163429369667,5,8,0,0,13,0
variant_native,original_native,20,100,10,L4,780,13,0.9474461360148114,-1152.3590874394488,10,3,0,1,12,0
variant_native,original_native,20,100,10,L5,780,13,2.037561378037796,-1032.3339867223226,11,2,0,2,11,0
variant_native,original_native,20,100,10,S1,780,13,1.550684281972554,-1362.162777792155,8,5,0,2,11,0
variant_native,original_native,20,100,10,S2,780,13,5.2777225982325335,-378.95553756736524,13,0,0,2,11,0
variant_native,common_endpoint,20,100,2,L1,780,13,-0.5339380934771151,-8579.859351884019,4,9,0,0,13,0
variant_native,common_endpoint,20,100,2,L2,780,13,-1.3937163190937836,-6716.190637114672,6,7,0,3,10,0
variant_native,common_endpoint,20,100,2,L3,780,13,1.330631327755277,-1897.3107136120402,8,5,0,4,9,0
variant_native,common_endpoint,20,100,2,L4,780,13,-0.6323809864330107,-9151.769963170354,8,5,0,4,9,0
variant_native,common_endpoint,20,100,2,L5,780,13,1.4772917937664856,-1627.4051391923665,12,1,0,4,9,0
variant_native,common_endpoint,20,100,2,S1,780,13,-4.112261797428411,-14585.94605023965,4,9,0,3,10,0
variant_native,common_endpoint,20,100,2,S2,780,13,3.864374074910558,3900.1032758429455,11,2,0,9,4,0
variant_native,common_endpoint,20,100,5,L1,780,13,-4.434913404169455,-3666.1561392677495,0,13,0,0,13,0
variant_native,common_endpoint,20,100,5,L2,780,13,-2.941805916529813,-2654.731513600826,2,11,0,0,13,0
variant_native,common_endpoint,20,100,5,L3,780,13,-0.15561602327226304,-1714.7179809145323,5,8,0,2,11,0
variant_native,common_endpoint,20,100,5,L4,780,13,-0.29613461527782337,-2799.98169200774,9,4,0,2,11,0
variant_native,common_endpoint,20,100,5,L5,780,13,1.9094462093970936,-1694.9689837496587,12,1,0,4,9,0
variant_native,common_endpoint,20,100,5,S1,780,13,-0.547162326087759,-3298.7982593798024,7,6,0,3,10,0
variant_native,common_endpoint,20,100,5,S2,780,13,6.46618607594002,257.0837016254916,13,0,0,7,6,0
variant_native,common_endpoint,20,100,10,L1,780,13,-7.605280487169268,-2180.6505297420294,0,13,0,0,13,0
variant_native,common_endpoint,20,100,10,L2,780,13,-2.1751356047348165,-1242.0467797749202,2,11,0,0,13,0
variant_native,common_endpoint,20,100,10,L3,780,13,-0.03299830235360843,-1038.6163429369667,5,8,0,0,13,0
variant_native,common_endpoint,20,100,10,L4,780,13,0.9474461360148114,-1152.3590874394488,10,3,0,1,12,0
variant_native,common_endpoint,20,100,10,L5,780,13,2.037561378037796,-1032.3339867223226,11,2,0,2,11,0
variant_native,common_endpoint,20,100,10,S1,780,13,1.550684281972554,-1362.162777792155,8,5,0,2,11,0
variant_native,common_endpoint,20,100,10,S2,780,13,5.2777225982325335,-378.95553756736524,13,0,0,2,11,0
variant_native,common_endpoint_central,20,100,2,L1,780,13,-4.343762919110015,-10249.834231072773,1,12,0,0,13,0
variant_native,common_endpoint_central,20,100,2,L2,780,13,-1.8537195948349139,-6195.28420613297,3,10,0,4,9,0
variant_native,common_endpoint_central,20,100,2,L3,780,13,1.3824104287822778,-629.8223469596386,5,8,0,3,10,0
variant_native,common_endpoint_central,20,100,2,L4,780,13,-0.5279864283362665,-4229.472131261964,6,7,0,4,9,0
variant_native,common_endpoint_central,20,100,2,L5,780,13,1.211404559595074,87.45528759672696,11,2,0,8,5,0
variant_native,common_endpoint_central,20,100,2,S1,780,13,-0.09134337195971189,-2679.3704387168773,8,5,0,9,4,0
variant_native,common_endpoint_central,20,100,2,S2,780,13,4.222997325863554,7598.029579460875,11,2,0,11,2,0
variant_native,common_endpoint_central,20,100,5,L1,780,13,-7.156033951440667,-3623.689964423742,0,13,0,0,13,0
variant_native,common_endpoint_central,20,100,5,L2,780,13,-2.79308061439285,-2245.220900043003,1,12,0,1,12,0
variant_native,common_endpoint_central,20,100,5,L3,780,13,1.6480041269231338,-780.1274676240516,8,5,0,3,10,0
variant_native,common_endpoint_central,20,100,5,L4,780,13,-0.4777395338428543,-2118.7501163609077,9,4,0,2,11,0
variant_native,common_endpoint_central,20,100,5,L5,780,13,2.054780168737076,-1110.495036578216,10,3,0,5,8,0
variant_native,common_endpoint_central,20,100,5,S1,780,13,1.4279901752265742,-1767.4387360218082,8,5,0,7,6,0
variant_native,common_endpoint_central,20,100,5,S2,780,13,5.2960796287895855,332.76630390764234,12,1,0,7,6,0
variant_native,common_endpoint_central,20,100,10,L1,780,13,-7.605280487169268,-2180.6505297420294,0,13,0,0,13,0
variant_native,common_endpoint_central,20,100,10,L2,780,13,-2.1751356047348165,-1242.0467797749202,2,11,0,0,13,0
variant_native,common_endpoint_central,20,100,10,L3,780,13,-0.03299830235360843,-1038.6163429369667,5,8,0,0,13,0
variant_native,common_endpoint_central,20,100,10,L4,780,13,0.9474461360148114,-1152.3590874394488,10,3,0,1,12,0
variant_native,common_endpoint_central,20,100,10,L5,780,13,2.037561378037796,-1032.3339867223226,11,2,0,2,11,0
variant_native,common_endpoint_central,20,100,10,S1,780,13,1.550684281972554,-1362.162777792155,8,5,0,2,11,0
variant_native,common_endpoint_central,20,100,10,S2,780,13,5.2777225982325335,-378.95553756736524,13,0,0,2,11,0
