first,second,segment,width_mm,paired,n_geometry,equal_geometry_pp,positive_geometries,negative_geometries
0,10,L1,2,780,13,0.1519950850597644,11,2
0,10,L2,2,780,13,-0.0163246356285942,8,5
0,10,L3,2,780,13,-0.2095472842548668,5,8
0,10,L4,2,780,13,0.048197492508410614,7,6
0,10,L5,2,780,13,-0.13149241104171433,6,7
0,10,S1,2,780,13,-0.09400399586519445,6,7
0,10,S2,2,780,13,0.2511757492221958,8,5
0,10,L1,5,780,13,0.14748947726669318,10,3
0,10,L2,5,780,13,0.2576246696346386,9,4
0,10,L3,5,780,13,-0.057376796514782565,7,6
0,10,L4,5,780,13,0.21136771655663994,6,7
0,10,L5,5,780,13,-0.25965104772998626,5,8
0,10,S1,5,780,13,-0.15134410530417622,5,8
0,10,S2,5,780,13,-0.14810991390902706,4,9
0,10,L1,10,780,13,1.6311827925979827,12,1
0,10,L2,10,780,13,0.5056272751326514,7,6
0,10,L3,10,780,13,-0.12797117149529014,6,7
0,10,L4,10,780,13,-0.3117933242793201,4,9
0,10,L5,10,780,13,-0.5752512328765903,2,11
0,10,S1,10,780,13,-0.5698370258632208,2,11
0,10,S2,10,780,13,-0.5519573132162134,3,10
0,20,L1,2,780,13,0.24919379476699663,11,2
0,20,L2,2,780,13,-0.14110138331326857,7,6
0,20,L3,2,780,13,-0.37430634772005406,5,8
0,20,L4,2,780,13,0.12159838384838605,7,6
0,20,L5,2,780,13,-0.19524814033303559,7,6
0,20,S1,2,780,13,-0.29228845924357916,6,7
0,20,S2,2,780,13,0.632152151994555,9,4
0,20,L1,5,780,13,0.25227982593342485,10,3
0,20,L2,5,780,13,0.41403233787535826,9,4
0,20,L3,5,780,13,-0.3352886052447345,7,6
0,20,L4,5,780,13,0.44926788651343874,6,7
0,20,L5,5,780,13,-0.4211150906768721,5,8
0,20,S1,5,780,13,-0.22941375654780982,5,8
0,20,S2,5,780,13,-0.1297625978528059,4,9
0,20,L1,10,780,13,2.868870257529239,12,1
0,20,L2,10,780,13,0.8262263283238036,9,4
0,20,L3,10,780,13,-0.24050406166410998,6,7
0,20,L4,10,780,13,-0.5306238607642471,4,9
0,20,L5,10,780,13,-1.065709277395221,2,11
0,20,S1,10,780,13,-0.9067738122769804,3,10
0,20,S2,10,780,13,-0.9514855737524837,3,10
0,100,L1,2,780,13,0.10636967948281012,7,6
0,100,L2,2,780,13,-1.4386388426949661,6,7
0,100,L3,2,780,13,0.6004410217709057,6,7
0,100,L4,2,780,13,-0.7101857473761617,8,5
0,100,L5,2,780,13,0.9934641031563897,10,3
0,100,S1,2,780,13,-3.9752882613446845,4,9
0,100,S2,2,780,13,4.423838047005706,11,2
0,100,L1,5,780,13,-3.734515978569278,1,12
0,100,L2,5,780,13,-2.891469224714287,2,11
0,100,L3,5,780,13,-0.7371998874556345,4,9
0,100,L4,5,780,13,-0.2420252269651434,8,5
0,100,L5,5,780,13,1.0596810205588927,10,3
0,100,S1,5,780,13,-0.2233958343509976,7,6
0,100,S2,5,780,13,6.768925131496447,13,0
0,100,L1,10,780,13,-4.736410229640031,1,12
0,100,L2,10,780,13,-1.3489092764110127,3,10
0,100,L3,10,780,13,-0.27350236401771877,6,7
0,100,L4,10,780,13,0.4168222752505649,9,4
0,100,L5,10,780,13,0.9718521006425753,11,2
0,100,S1,10,780,13,0.6439104696955736,8,5
0,100,S2,10,780,13,4.326237024480049,12,1
10,20,L1,2,780,13,0.09719870970723218,11,2
10,20,L2,2,780,13,-0.12477674768467438,7,6
10,20,L3,2,780,13,-0.16475906346518726,6,7
10,20,L4,2,780,13,0.07340089133997539,7,6
10,20,L5,2,780,13,-0.06375572929132128,7,6
10,20,S1,2,780,13,-0.19828446337838465,6,7
10,20,S2,2,780,13,0.3809764027723591,10,3
10,20,L1,5,780,13,0.1047903486667319,11,2
10,20,L2,5,780,13,0.15640766824071956,9,4
10,20,L3,5,780,13,-0.27791180872995164,7,6
10,20,L4,5,780,13,0.2379001699567987,9,4
10,20,L5,5,780,13,-0.1614640429468857,6,7
10,20,S1,5,780,13,-0.0780696512436337,5,8
10,20,S2,5,780,13,0.01834731605622119,6,7
10,20,L1,10,780,13,1.2376874649312553,12,1
10,20,L2,10,780,13,0.3205990531911525,10,3
10,20,L3,10,780,13,-0.11253289016881982,7,6
10,20,L4,10,780,13,-0.21883053648492704,4,9
10,20,L5,10,780,13,-0.4904580445186308,2,11
10,20,S1,10,780,13,-0.33693678641375946,3,10
10,20,S2,10,780,13,-0.3995282605362704,4,9
10,100,L1,2,780,13,-0.04562540557695415,6,7
10,100,L2,2,780,13,-1.4223142070663708,6,7
10,100,L3,2,780,13,0.8099883060257727,6,7
10,100,L4,2,780,13,-0.7583832398845721,8,5
10,100,L5,2,780,13,1.1249565141981037,10,3
10,100,S1,2,780,13,-3.8812842654794895,4,9
10,100,S2,2,780,13,4.17266229778351,11,2
10,100,L1,5,780,13,-3.8820054558359707,0,13
10,100,L2,5,780,13,-3.1490938943489257,2,11
10,100,L3,5,780,13,-0.6798230909408515,4,9
10,100,L4,5,780,13,-0.45339294352178344,7,6
10,100,L5,5,780,13,1.3193320682888794,11,2
10,100,S1,5,780,13,-0.07205172904682211,7,6
10,100,S2,5,780,13,6.917035045405474,13,0
10,100,L1,10,780,13,-6.367593022238015,0,13
10,100,L2,10,780,13,-1.8545365515436645,3,10
10,100,L3,10,780,13,-0.1455311925224287,6,7
10,100,L4,10,780,13,0.7286155995298853,9,4
10,100,L5,10,780,13,1.5471033335191657,11,2
10,100,S1,10,780,13,1.213747495558795,8,5
10,100,S2,10,780,13,4.878194337696263,13,0
20,100,L1,2,780,13,-0.1428241152841862,5,8
20,100,L2,2,780,13,-1.2975374593816973,6,7
20,100,L3,2,780,13,0.9747473694909596,7,6
20,100,L4,2,780,13,-0.8317841312245478,8,5
20,100,L5,2,780,13,1.1887122434894253,10,3
20,100,S1,2,780,13,-3.6829998021011052,4,9
20,100,S2,2,780,13,3.7916858950111507,11,2
20,100,L1,5,780,13,-3.9867958045027025,0,13
20,100,L2,5,780,13,-3.3055015625896447,2,11
20,100,L3,5,780,13,-0.40191128221089945,4,9
20,100,L4,5,780,13,-0.6912931134785821,7,6
20,100,L5,5,780,13,1.4807961112357653,11,2
20,100,S1,5,780,13,0.006017922196811845,7,6
20,100,S2,5,780,13,6.898687729349254,13,0
20,100,L1,10,780,13,-7.605280487169269,0,13
20,100,L2,10,780,13,-2.1751356047348165,2,11
20,100,L3,10,780,13,-0.0329983023536086,5,8
20,100,L4,10,780,13,0.9474461360148113,10,3
20,100,L5,10,780,13,2.0375613780377964,11,2
20,100,S1,10,780,13,1.550684281972554,8,5
20,100,S2,10,780,13,5.2777225982325335,13,0
