source_label,source_name,computational_material,nominal_conductivity_S_per_m
2,adrenal_gland,general_soft_tissue,0.4811
3,air,air,0.0
5,artery,general_soft_tissue,0.2319716049382717
6,bile,general_soft_tissue,1.461900144673252
7,bladder,general_soft_tissue,0.3146706388369769
10,bronchi,general_soft_tissue,0.557625
11,cancellous_bone,cancellous_bone,0.08045952772338552
12,cartilage,general_soft_tissue,0.7392595578616339
14,cavernous_body,general_soft_tissue,0.2319716049382717
17,cortical_bone,cortical_bone,0.00630199709513435
18,csf,csf,1.878999709695023
19,diaphragm,general_soft_tissue,0.4610075264456888
20,duodenum,general_soft_tissue,0.163535918367347
23,epididymis,general_soft_tissue,0.3660666666666667
24,esophagus,general_soft_tissue,0.163535918367347
34,fat,fat,0.07762127305463426
35,gall_bladder,general_soft_tissue,0.3146706388369769
39,heart,general_soft_tissue,0.3853541615486846
40,heart_blood,general_soft_tissue,0.6624597361833767
41,heart_conduction_system=heart,general_soft_tissue,0.3853541615486846
42,heart_pericardium,general_soft_tissue,0.06
44,intervertebral_disk,intervertebral_disk,0.7392595578616339
45,kidney,general_soft_tissue,0.3415180816449628
48,large_intestine,general_soft_tissue,0.163535918367347
49,large_intestine_contents,general_soft_tissue,0.4610075264456888
51,ligament,general_soft_tissue,0.3675772277227722
52,liver,general_soft_tissue,0.1850383525287677
53,lung,lung,0.1014128681927712
55,mesentery,general_soft_tissue,0.07919585744745661
56,muscle,muscle,0.4610075264456888
59,pancreas,general_soft_tissue,0.1449350649350649
60,prostate,general_soft_tissue,0.5585997222608695
63,skin,skin,0.1482971014492752
64,small_intestine,general_soft_tissue,0.163535918367347
65,small_intestine_contents,general_soft_tissue,0.4610075264456888
66,spinal_cord,spinal_cord,0.6109538492063492
67,spleen,general_soft_tissue,0.220522377026335
68,stomach,general_soft_tissue,0.163535918367347
69,stomach_contents,general_soft_tissue,0.4610075264456888
71,tendon,general_soft_tissue,0.3675772277227722
72,testis,general_soft_tissue,0.3660666666666667
78,ureter,general_soft_tissue,0.2319716049382717
79,urethra,general_soft_tissue,0.2319716049382717
80,urine,general_soft_tissue,2.441203954109114
81,vas_deferens,general_soft_tissue,0.2319716049382717
82,vein,general_soft_tissue,0.2319716049382717
