method,analysis,held_out_geometry,training_geometries,multiplier,inner_coverage,inner_target_reached,outer_hits,outer_total,outer_coverage
frozen_legacy,nested_three_group_0_20,sub-01,"['sub-02', 'sub-03', 'sub-04', 'sub-05', 'sub-06', 'sub-07', 'sub-08', 'sub-09', 'sub-10', 'sub-11', 'sub-12', 'sub-13', 'sub-14']",1.06,0.9023879142300195,True,1429,1620,0.8820987654320988
frozen_legacy,nested_three_group_0_20,sub-02,"['sub-01', 'sub-03', 'sub-04', 'sub-05', 'sub-06', 'sub-07', 'sub-08', 'sub-09', 'sub-10', 'sub-11', 'sub-12', 'sub-13', 'sub-14']",1.05,0.9005360623781676,True,1573,1620,0.9709876543209877
frozen_legacy,nested_three_group_0_20,sub-03,"['sub-01', 'sub-02', 'sub-04', 'sub-05', 'sub-06', 'sub-07', 'sub-08', 'sub-09', 'sub-10', 'sub-11', 'sub-12', 'sub-13', 'sub-14']",1.07,0.9019493177387914,True,1462,1620,0.9024691358024691
frozen_legacy,nested_three_group_0_20,sub-04,"['sub-01', 'sub-02', 'sub-03', 'sub-05', 'sub-06', 'sub-07', 'sub-08', 'sub-09', 'sub-10', 'sub-11', 'sub-12', 'sub-13', 'sub-14']",1.05,0.9005360623781676,True,1582,1620,0.9765432098765432
frozen_legacy,nested_three_group_0_20,sub-05,"['sub-01', 'sub-02', 'sub-03', 'sub-04', 'sub-06', 'sub-07', 'sub-08', 'sub-09', 'sub-10', 'sub-11', 'sub-12', 'sub-13', 'sub-14']",1.05,0.9002923976608187,True,1577,1620,0.9734567901234568
frozen_legacy,nested_three_group_0_20,sub-06,"['sub-01', 'sub-02', 'sub-03', 'sub-04', 'sub-05', 'sub-07', 'sub-08', 'sub-09', 'sub-10', 'sub-11', 'sub-12', 'sub-13', 'sub-14']",1.05,0.9025828460038986,True,1322,1620,0.8160493827160494
frozen_legacy,nested_three_group_0_20,sub-07,"['sub-01', 'sub-02', 'sub-03', 'sub-04', 'sub-05', 'sub-06', 'sub-08', 'sub-09', 'sub-10', 'sub-11', 'sub-12', 'sub-13', 'sub-14']",1.06,0.9014132553606238,True,1568,1620,0.9679012345679012
frozen_legacy,nested_three_group_0_20,sub-08,"['sub-01', 'sub-02', 'sub-03', 'sub-04', 'sub-05', 'sub-06', 'sub-07', 'sub-09', 'sub-10', 'sub-11', 'sub-12', 'sub-13', 'sub-14']",1.06,0.9018518518518519,True,1529,1620,0.9438271604938272
frozen_legacy,nested_three_group_0_20,sub-09,"['sub-01', 'sub-02', 'sub-03', 'sub-04', 'sub-05', 'sub-06', 'sub-07', 'sub-08', 'sub-10', 'sub-11', 'sub-12', 'sub-13', 'sub-14']",1.06,0.9018518518518519,True,1543,1620,0.9524691358024692
frozen_legacy,nested_three_group_0_20,sub-10,"['sub-01', 'sub-02', 'sub-03', 'sub-04', 'sub-05', 'sub-06', 'sub-07', 'sub-08', 'sub-09', 'sub-11', 'sub-12', 'sub-13', 'sub-14']",1.06,0.901364522417154,True,1599,1620,0.987037037037037
frozen_legacy,nested_three_group_0_20,sub-11,"['sub-01', 'sub-02', 'sub-03', 'sub-04', 'sub-05', 'sub-06', 'sub-07', 'sub-08', 'sub-09', 'sub-10', 'sub-12', 'sub-13', 'sub-14']",1.06,0.9008771929824562,True,1443,1620,0.8907407407407407
frozen_legacy,nested_three_group_0_20,sub-12,"['sub-01', 'sub-02', 'sub-03', 'sub-04', 'sub-05', 'sub-06', 'sub-07', 'sub-08', 'sub-09', 'sub-10', 'sub-11', 'sub-13', 'sub-14']",1.05,0.9019493177387914,True,1414,1620,0.8728395061728395
frozen_legacy,nested_three_group_0_20,sub-13,"['sub-01', 'sub-02', 'sub-03', 'sub-04', 'sub-05', 'sub-06', 'sub-07', 'sub-08', 'sub-09', 'sub-10', 'sub-11', 'sub-12', 'sub-14']",1.06,0.9003898635477583,True,1159,1620,0.7154320987654321
frozen_legacy,nested_three_group_0_20,sub-14,"['sub-01', 'sub-02', 'sub-03', 'sub-04', 'sub-05', 'sub-06', 'sub-07', 'sub-08', 'sub-09', 'sub-10', 'sub-11', 'sub-12', 'sub-13']",1.06,0.901661918328585,True,792,1080,0.7333333333333333
frozen_legacy,nested_seven_segment_all,sub-01,"['sub-02', 'sub-03', 'sub-04', 'sub-05', 'sub-06', 'sub-07', 'sub-08', 'sub-09', 'sub-10', 'sub-11', 'sub-12', 'sub-13', 'sub-14']",1.05,0.9019423558897243,True,4137,5040,0.8208333333333333
frozen_legacy,nested_seven_segment_all,sub-02,"['sub-01', 'sub-03', 'sub-04', 'sub-05', 'sub-06', 'sub-07', 'sub-08', 'sub-09', 'sub-10', 'sub-11', 'sub-12', 'sub-13', 'sub-14']",1.06,0.9018483709273183,True,4867,5040,0.9656746031746032
frozen_legacy,nested_seven_segment_all,sub-03,"['sub-01', 'sub-02', 'sub-04', 'sub-05', 'sub-06', 'sub-07', 'sub-08', 'sub-09', 'sub-10', 'sub-11', 'sub-12', 'sub-13', 'sub-14']",1.06,0.9019266917293233,True,4831,5040,0.9585317460317461
frozen_legacy,nested_seven_segment_all,sub-04,"['sub-01', 'sub-02', 'sub-03', 'sub-05', 'sub-06', 'sub-07', 'sub-08', 'sub-09', 'sub-10', 'sub-11', 'sub-12', 'sub-13', 'sub-14']",1.05,0.900078320802005,True,4967,5040,0.9855158730158731
frozen_legacy,nested_seven_segment_all,sub-05,"['sub-01', 'sub-02', 'sub-03', 'sub-04', 'sub-06', 'sub-07', 'sub-08', 'sub-09', 'sub-10', 'sub-11', 'sub-12', 'sub-13', 'sub-14']",1.06,0.9009555137844611,True,4585,5040,0.9097222222222222
frozen_legacy,nested_seven_segment_all,sub-06,"['sub-01', 'sub-02', 'sub-03', 'sub-04', 'sub-05', 'sub-07', 'sub-08', 'sub-09', 'sub-10', 'sub-11', 'sub-12', 'sub-13', 'sub-14']",1.05,0.9011434837092732,True,4096,5040,0.8126984126984127
frozen_legacy,nested_seven_segment_all,sub-07,"['sub-01', 'sub-02', 'sub-03', 'sub-04', 'sub-05', 'sub-06', 'sub-08', 'sub-09', 'sub-10', 'sub-11', 'sub-12', 'sub-13', 'sub-14']",1.06,0.9009711779448621,True,4326,5040,0.8583333333333333
frozen_legacy,nested_seven_segment_all,sub-08,"['sub-01', 'sub-02', 'sub-03', 'sub-04', 'sub-05', 'sub-06', 'sub-07', 'sub-09', 'sub-10', 'sub-11', 'sub-12', 'sub-13', 'sub-14']",1.06,0.9008302005012532,True,4635,5040,0.9196428571428571
frozen_legacy,nested_seven_segment_all,sub-09,"['sub-01', 'sub-02', 'sub-03', 'sub-04', 'sub-05', 'sub-06', 'sub-07', 'sub-08', 'sub-10', 'sub-11', 'sub-12', 'sub-13', 'sub-14']",1.06,0.9013627819548872,True,4813,5040,0.9549603174603175
frozen_legacy,nested_seven_segment_all,sub-10,"['sub-01', 'sub-02', 'sub-03', 'sub-04', 'sub-05', 'sub-06', 'sub-07', 'sub-08', 'sub-09', 'sub-11', 'sub-12', 'sub-13', 'sub-14']",1.06,0.9013784461152882,True,4748,5040,0.942063492063492
frozen_legacy,nested_seven_segment_all,sub-11,"['sub-01', 'sub-02', 'sub-03', 'sub-04', 'sub-05', 'sub-06', 'sub-07', 'sub-08', 'sub-09', 'sub-10', 'sub-12', 'sub-13', 'sub-14']",1.06,0.9009241854636592,True,4333,5040,0.8597222222222223
frozen_legacy,nested_seven_segment_all,sub-12,"['sub-01', 'sub-02', 'sub-03', 'sub-04', 'sub-05', 'sub-06', 'sub-07', 'sub-08', 'sub-09', 'sub-10', 'sub-11', 'sub-13', 'sub-14']",1.06,0.900203634085213,True,4517,5040,0.8962301587301588
frozen_legacy,nested_seven_segment_all,sub-13,"['sub-01', 'sub-02', 'sub-03', 'sub-04', 'sub-05', 'sub-06', 'sub-07', 'sub-08', 'sub-09', 'sub-10', 'sub-11', 'sub-12', 'sub-14']",1.06,0.9012218045112782,True,4592,5040,0.9111111111111111
frozen_legacy,nested_seven_segment_all,sub-14,"['sub-01', 'sub-02', 'sub-03', 'sub-04', 'sub-05', 'sub-06', 'sub-07', 'sub-08', 'sub-09', 'sub-10', 'sub-11', 'sub-12', 'sub-13']",1.06,0.9018315018315018,True,2727,3360,0.8116071428571429
p1_complete_0.5mm,nested_three_group_0_20,sub-01,"['sub-02', 'sub-03', 'sub-04', 'sub-05', 'sub-06', 'sub-07', 'sub-08', 'sub-09', 'sub-10', 'sub-11', 'sub-12', 'sub-13', 'sub-14']",1.08,0.901608187134503,True,1497,1620,0.924074074074074
p1_complete_0.5mm,nested_three_group_0_20,sub-02,"['sub-01', 'sub-03', 'sub-04', 'sub-05', 'sub-06', 'sub-07', 'sub-08', 'sub-09', 'sub-10', 'sub-11', 'sub-12', 'sub-13', 'sub-14']",1.07,0.9013157894736842,True,1565,1620,0.9660493827160493
p1_complete_0.5mm,nested_three_group_0_20,sub-03,"['sub-01', 'sub-02', 'sub-04', 'sub-05', 'sub-06', 'sub-07', 'sub-08', 'sub-09', 'sub-10', 'sub-11', 'sub-12', 'sub-13', 'sub-14']",1.08,0.9,True,1395,1620,0.8611111111111112
p1_complete_0.5mm,nested_three_group_0_20,sub-04,"['sub-01', 'sub-02', 'sub-03', 'sub-05', 'sub-06', 'sub-07', 'sub-08', 'sub-09', 'sub-10', 'sub-11', 'sub-12', 'sub-13', 'sub-14']",1.07,0.9010233918128655,True,1612,1620,0.9950617283950617
p1_complete_0.5mm,nested_three_group_0_20,sub-05,"['sub-01', 'sub-02', 'sub-03', 'sub-04', 'sub-06', 'sub-07', 'sub-08', 'sub-09', 'sub-10', 'sub-11', 'sub-12', 'sub-13', 'sub-14']",1.07,0.9012670565302144,True,1617,1620,0.9981481481481481
p1_complete_0.5mm,nested_three_group_0_20,sub-06,"['sub-01', 'sub-02', 'sub-03', 'sub-04', 'sub-05', 'sub-07', 'sub-08', 'sub-09', 'sub-10', 'sub-11', 'sub-12', 'sub-13', 'sub-14']",1.05,0.9000487329434698,True,1195,1620,0.7376543209876543
p1_complete_0.5mm,nested_three_group_0_20,sub-07,"['sub-01', 'sub-02', 'sub-03', 'sub-04', 'sub-05', 'sub-06', 'sub-08', 'sub-09', 'sub-10', 'sub-11', 'sub-12', 'sub-13', 'sub-14']",1.08,0.9011208576998051,True,1574,1620,0.971604938271605
p1_complete_0.5mm,nested_three_group_0_20,sub-08,"['sub-01', 'sub-02', 'sub-03', 'sub-04', 'sub-05', 'sub-06', 'sub-07', 'sub-09', 'sub-10', 'sub-11', 'sub-12', 'sub-13', 'sub-14']",1.08,0.9017056530214425,True,1598,1620,0.9864197530864197
p1_complete_0.5mm,nested_three_group_0_20,sub-09,"['sub-01', 'sub-02', 'sub-03', 'sub-04', 'sub-05', 'sub-06', 'sub-07', 'sub-08', 'sub-10', 'sub-11', 'sub-12', 'sub-13', 'sub-14']",1.08,0.9019493177387914,True,1588,1620,0.980246913580247
p1_complete_0.5mm,nested_three_group_0_20,sub-10,"['sub-01', 'sub-02', 'sub-03', 'sub-04', 'sub-05', 'sub-06', 'sub-07', 'sub-08', 'sub-09', 'sub-11', 'sub-12', 'sub-13', 'sub-14']",1.07,0.900682261208577,True,1607,1620,0.9919753086419754
p1_complete_0.5mm,nested_three_group_0_20,sub-11,"['sub-01', 'sub-02', 'sub-03', 'sub-04', 'sub-05', 'sub-06', 'sub-07', 'sub-08', 'sub-09', 'sub-10', 'sub-12', 'sub-13', 'sub-14']",1.09,0.9010233918128655,True,1341,1620,0.8277777777777777
p1_complete_0.5mm,nested_three_group_0_20,sub-12,"['sub-01', 'sub-02', 'sub-03', 'sub-04', 'sub-05', 'sub-06', 'sub-07', 'sub-08', 'sub-09', 'sub-10', 'sub-11', 'sub-13', 'sub-14']",1.07,0.9005847953216374,True,1421,1620,0.8771604938271605
p1_complete_0.5mm,nested_three_group_0_20,sub-13,"['sub-01', 'sub-02', 'sub-03', 'sub-04', 'sub-05', 'sub-06', 'sub-07', 'sub-08', 'sub-09', 'sub-10', 'sub-11', 'sub-12', 'sub-14']",1.07,0.902046783625731,True,1260,1620,0.7777777777777778
p1_complete_0.5mm,nested_three_group_0_20,sub-14,"['sub-01', 'sub-02', 'sub-03', 'sub-04', 'sub-05', 'sub-06', 'sub-07', 'sub-08', 'sub-09', 'sub-10', 'sub-11', 'sub-12', 'sub-13']",1.1,0.9000949667616335,True,685,1080,0.6342592592592593
p1_complete_0.5mm,nested_seven_segment_all,sub-01,"['sub-02', 'sub-03', 'sub-04', 'sub-05', 'sub-06', 'sub-07', 'sub-08', 'sub-09', 'sub-10', 'sub-11', 'sub-12', 'sub-13', 'sub-14']",1.07,0.9023182957393484,True,4132,5040,0.8198412698412698
p1_complete_0.5mm,nested_seven_segment_all,sub-02,"['sub-01', 'sub-03', 'sub-04', 'sub-05', 'sub-06', 'sub-07', 'sub-08', 'sub-09', 'sub-10', 'sub-11', 'sub-12', 'sub-13', 'sub-14']",1.07,0.9021303258145363,True,4916,5040,0.9753968253968254
p1_complete_0.5mm,nested_seven_segment_all,sub-03,"['sub-01', 'sub-02', 'sub-04', 'sub-05', 'sub-06', 'sub-07', 'sub-08', 'sub-09', 'sub-10', 'sub-11', 'sub-12', 'sub-13', 'sub-14']",1.07,0.9022243107769423,True,4781,5040,0.9486111111111111
p1_complete_0.5mm,nested_seven_segment_all,sub-04,"['sub-01', 'sub-02', 'sub-03', 'sub-05', 'sub-06', 'sub-07', 'sub-08', 'sub-09', 'sub-10', 'sub-11', 'sub-12', 'sub-13', 'sub-14']",1.07,0.9020676691729324,True,5017,5040,0.995436507936508
p1_complete_0.5mm,nested_seven_segment_all,sub-05,"['sub-01', 'sub-02', 'sub-03', 'sub-04', 'sub-06', 'sub-07', 'sub-08', 'sub-09', 'sub-10', 'sub-11', 'sub-12', 'sub-13', 'sub-14']",1.07,0.900375939849624,True,4726,5040,0.9376984126984127
p1_complete_0.5mm,nested_seven_segment_all,sub-06,"['sub-01', 'sub-02', 'sub-03', 'sub-04', 'sub-05', 'sub-07', 'sub-08', 'sub-09', 'sub-10', 'sub-11', 'sub-12', 'sub-13', 'sub-14']",1.07,0.9020676691729324,True,4085,5040,0.810515873015873
p1_complete_0.5mm,nested_seven_segment_all,sub-07,"['sub-01', 'sub-02', 'sub-03', 'sub-04', 'sub-05', 'sub-06', 'sub-08', 'sub-09', 'sub-10', 'sub-11', 'sub-12', 'sub-13', 'sub-14']",1.07,0.9010494987468671,True,4428,5040,0.8785714285714286
p1_complete_0.5mm,nested_seven_segment_all,sub-08,"['sub-01', 'sub-02', 'sub-03', 'sub-04', 'sub-05', 'sub-06', 'sub-07', 'sub-09', 'sub-10', 'sub-11', 'sub-12', 'sub-13', 'sub-14']",1.07,0.900125313283208,True,4572,5040,0.9071428571428571
p1_complete_0.5mm,nested_seven_segment_all,sub-09,"['sub-01', 'sub-02', 'sub-03', 'sub-04', 'sub-05', 'sub-06', 'sub-07', 'sub-08', 'sub-10', 'sub-11', 'sub-12', 'sub-13', 'sub-14']",1.07,0.9017230576441103,True,4863,5040,0.9648809523809524
p1_complete_0.5mm,nested_seven_segment_all,sub-10,"['sub-01', 'sub-02', 'sub-03', 'sub-04', 'sub-05', 'sub-06', 'sub-07', 'sub-08', 'sub-09', 'sub-11', 'sub-12', 'sub-13', 'sub-14']",1.07,0.9010025062656641,True,4803,5040,0.9529761904761904
p1_complete_0.5mm,nested_seven_segment_all,sub-11,"['sub-01', 'sub-02', 'sub-03', 'sub-04', 'sub-05', 'sub-06', 'sub-07', 'sub-08', 'sub-09', 'sub-10', 'sub-12', 'sub-13', 'sub-14']",1.08,0.9028665413533835,True,4284,5040,0.85
p1_complete_0.5mm,nested_seven_segment_all,sub-12,"['sub-01', 'sub-02', 'sub-03', 'sub-04', 'sub-05', 'sub-06', 'sub-07', 'sub-08', 'sub-09', 'sub-10', 'sub-11', 'sub-13', 'sub-14']",1.07,0.9012374686716792,True,4472,5040,0.8873015873015873
p1_complete_0.5mm,nested_seven_segment_all,sub-13,"['sub-01', 'sub-02', 'sub-03', 'sub-04', 'sub-05', 'sub-06', 'sub-07', 'sub-08', 'sub-09', 'sub-10', 'sub-11', 'sub-12', 'sub-14']",1.06,0.900485588972431,True,4559,5040,0.9045634920634921
p1_complete_0.5mm,nested_seven_segment_all,sub-14,"['sub-01', 'sub-02', 'sub-03', 'sub-04', 'sub-05', 'sub-06', 'sub-07', 'sub-08', 'sub-09', 'sub-10', 'sub-11', 'sub-12', 'sub-13']",1.09,0.9016178266178266,True,2608,3360,0.7761904761904762
legacy_replay_0.5mm,nested_three_group_0_20,sub-01,"['sub-02', 'sub-03', 'sub-04', 'sub-05', 'sub-06', 'sub-07', 'sub-08', 'sub-09', 'sub-10', 'sub-11', 'sub-12', 'sub-13', 'sub-14']",1.06,0.9023879142300195,True,1429,1620,0.8820987654320988
legacy_replay_0.5mm,nested_three_group_0_20,sub-02,"['sub-01', 'sub-03', 'sub-04', 'sub-05', 'sub-06', 'sub-07', 'sub-08', 'sub-09', 'sub-10', 'sub-11', 'sub-12', 'sub-13', 'sub-14']",1.05,0.9005360623781676,True,1573,1620,0.9709876543209877
legacy_replay_0.5mm,nested_three_group_0_20,sub-03,"['sub-01', 'sub-02', 'sub-04', 'sub-05', 'sub-06', 'sub-07', 'sub-08', 'sub-09', 'sub-10', 'sub-11', 'sub-12', 'sub-13', 'sub-14']",1.07,0.9019493177387914,True,1462,1620,0.9024691358024691
legacy_replay_0.5mm,nested_three_group_0_20,sub-04,"['sub-01', 'sub-02', 'sub-03', 'sub-05', 'sub-06', 'sub-07', 'sub-08', 'sub-09', 'sub-10', 'sub-11', 'sub-12', 'sub-13', 'sub-14']",1.05,0.9005360623781676,True,1582,1620,0.9765432098765432
legacy_replay_0.5mm,nested_three_group_0_20,sub-05,"['sub-01', 'sub-02', 'sub-03', 'sub-04', 'sub-06', 'sub-07', 'sub-08', 'sub-09', 'sub-10', 'sub-11', 'sub-12', 'sub-13', 'sub-14']",1.05,0.9002923976608187,True,1577,1620,0.9734567901234568
legacy_replay_0.5mm,nested_three_group_0_20,sub-06,"['sub-01', 'sub-02', 'sub-03', 'sub-04', 'sub-05', 'sub-07', 'sub-08', 'sub-09', 'sub-10', 'sub-11', 'sub-12', 'sub-13', 'sub-14']",1.05,0.9025828460038986,True,1322,1620,0.8160493827160494
legacy_replay_0.5mm,nested_three_group_0_20,sub-07,"['sub-01', 'sub-02', 'sub-03', 'sub-04', 'sub-05', 'sub-06', 'sub-08', 'sub-09', 'sub-10', 'sub-11', 'sub-12', 'sub-13', 'sub-14']",1.06,0.9014132553606238,True,1568,1620,0.9679012345679012
legacy_replay_0.5mm,nested_three_group_0_20,sub-08,"['sub-01', 'sub-02', 'sub-03', 'sub-04', 'sub-05', 'sub-06', 'sub-07', 'sub-09', 'sub-10', 'sub-11', 'sub-12', 'sub-13', 'sub-14']",1.06,0.9018518518518519,True,1529,1620,0.9438271604938272
legacy_replay_0.5mm,nested_three_group_0_20,sub-09,"['sub-01', 'sub-02', 'sub-03', 'sub-04', 'sub-05', 'sub-06', 'sub-07', 'sub-08', 'sub-10', 'sub-11', 'sub-12', 'sub-13', 'sub-14']",1.06,0.9018518518518519,True,1543,1620,0.9524691358024692
legacy_replay_0.5mm,nested_three_group_0_20,sub-10,"['sub-01', 'sub-02', 'sub-03', 'sub-04', 'sub-05', 'sub-06', 'sub-07', 'sub-08', 'sub-09', 'sub-11', 'sub-12', 'sub-13', 'sub-14']",1.06,0.901364522417154,True,1599,1620,0.987037037037037
legacy_replay_0.5mm,nested_three_group_0_20,sub-11,"['sub-01', 'sub-02', 'sub-03', 'sub-04', 'sub-05', 'sub-06', 'sub-07', 'sub-08', 'sub-09', 'sub-10', 'sub-12', 'sub-13', 'sub-14']",1.06,0.9008771929824562,True,1443,1620,0.8907407407407407
legacy_replay_0.5mm,nested_three_group_0_20,sub-12,"['sub-01', 'sub-02', 'sub-03', 'sub-04', 'sub-05', 'sub-06', 'sub-07', 'sub-08', 'sub-09', 'sub-10', 'sub-11', 'sub-13', 'sub-14']",1.05,0.9019493177387914,True,1414,1620,0.8728395061728395
legacy_replay_0.5mm,nested_three_group_0_20,sub-13,"['sub-01', 'sub-02', 'sub-03', 'sub-04', 'sub-05', 'sub-06', 'sub-07', 'sub-08', 'sub-09', 'sub-10', 'sub-11', 'sub-12', 'sub-14']",1.06,0.9003898635477583,True,1159,1620,0.7154320987654321
legacy_replay_0.5mm,nested_three_group_0_20,sub-14,"['sub-01', 'sub-02', 'sub-03', 'sub-04', 'sub-05', 'sub-06', 'sub-07', 'sub-08', 'sub-09', 'sub-10', 'sub-11', 'sub-12', 'sub-13']",1.06,0.901661918328585,True,792,1080,0.7333333333333333
legacy_replay_0.5mm,nested_seven_segment_all,sub-01,"['sub-02', 'sub-03', 'sub-04', 'sub-05', 'sub-06', 'sub-07', 'sub-08', 'sub-09', 'sub-10', 'sub-11', 'sub-12', 'sub-13', 'sub-14']",1.05,0.9019423558897243,True,4137,5040,0.8208333333333333
legacy_replay_0.5mm,nested_seven_segment_all,sub-02,"['sub-01', 'sub-03', 'sub-04', 'sub-05', 'sub-06', 'sub-07', 'sub-08', 'sub-09', 'sub-10', 'sub-11', 'sub-12', 'sub-13', 'sub-14']",1.06,0.9018483709273183,True,4867,5040,0.9656746031746032
legacy_replay_0.5mm,nested_seven_segment_all,sub-03,"['sub-01', 'sub-02', 'sub-04', 'sub-05', 'sub-06', 'sub-07', 'sub-08', 'sub-09', 'sub-10', 'sub-11', 'sub-12', 'sub-13', 'sub-14']",1.06,0.9019266917293233,True,4831,5040,0.9585317460317461
legacy_replay_0.5mm,nested_seven_segment_all,sub-04,"['sub-01', 'sub-02', 'sub-03', 'sub-05', 'sub-06', 'sub-07', 'sub-08', 'sub-09', 'sub-10', 'sub-11', 'sub-12', 'sub-13', 'sub-14']",1.05,0.900078320802005,True,4967,5040,0.9855158730158731
legacy_replay_0.5mm,nested_seven_segment_all,sub-05,"['sub-01', 'sub-02', 'sub-03', 'sub-04', 'sub-06', 'sub-07', 'sub-08', 'sub-09', 'sub-10', 'sub-11', 'sub-12', 'sub-13', 'sub-14']",1.06,0.9009555137844611,True,4585,5040,0.9097222222222222
legacy_replay_0.5mm,nested_seven_segment_all,sub-06,"['sub-01', 'sub-02', 'sub-03', 'sub-04', 'sub-05', 'sub-07', 'sub-08', 'sub-09', 'sub-10', 'sub-11', 'sub-12', 'sub-13', 'sub-14']",1.05,0.9011434837092732,True,4096,5040,0.8126984126984127
legacy_replay_0.5mm,nested_seven_segment_all,sub-07,"['sub-01', 'sub-02', 'sub-03', 'sub-04', 'sub-05', 'sub-06', 'sub-08', 'sub-09', 'sub-10', 'sub-11', 'sub-12', 'sub-13', 'sub-14']",1.06,0.9009711779448621,True,4326,5040,0.8583333333333333
legacy_replay_0.5mm,nested_seven_segment_all,sub-08,"['sub-01', 'sub-02', 'sub-03', 'sub-04', 'sub-05', 'sub-06', 'sub-07', 'sub-09', 'sub-10', 'sub-11', 'sub-12', 'sub-13', 'sub-14']",1.06,0.9008302005012532,True,4635,5040,0.9196428571428571
legacy_replay_0.5mm,nested_seven_segment_all,sub-09,"['sub-01', 'sub-02', 'sub-03', 'sub-04', 'sub-05', 'sub-06', 'sub-07', 'sub-08', 'sub-10', 'sub-11', 'sub-12', 'sub-13', 'sub-14']",1.06,0.9013627819548872,True,4813,5040,0.9549603174603175
legacy_replay_0.5mm,nested_seven_segment_all,sub-10,"['sub-01', 'sub-02', 'sub-03', 'sub-04', 'sub-05', 'sub-06', 'sub-07', 'sub-08', 'sub-09', 'sub-11', 'sub-12', 'sub-13', 'sub-14']",1.06,0.9013784461152882,True,4748,5040,0.942063492063492
legacy_replay_0.5mm,nested_seven_segment_all,sub-11,"['sub-01', 'sub-02', 'sub-03', 'sub-04', 'sub-05', 'sub-06', 'sub-07', 'sub-08', 'sub-09', 'sub-10', 'sub-12', 'sub-13', 'sub-14']",1.06,0.9009241854636592,True,4333,5040,0.8597222222222223
legacy_replay_0.5mm,nested_seven_segment_all,sub-12,"['sub-01', 'sub-02', 'sub-03', 'sub-04', 'sub-05', 'sub-06', 'sub-07', 'sub-08', 'sub-09', 'sub-10', 'sub-11', 'sub-13', 'sub-14']",1.06,0.900203634085213,True,4517,5040,0.8962301587301588
legacy_replay_0.5mm,nested_seven_segment_all,sub-13,"['sub-01', 'sub-02', 'sub-03', 'sub-04', 'sub-05', 'sub-06', 'sub-07', 'sub-08', 'sub-09', 'sub-10', 'sub-11', 'sub-12', 'sub-14']",1.06,0.9012218045112782,True,4592,5040,0.9111111111111111
legacy_replay_0.5mm,nested_seven_segment_all,sub-14,"['sub-01', 'sub-02', 'sub-03', 'sub-04', 'sub-05', 'sub-06', 'sub-07', 'sub-08', 'sub-09', 'sub-10', 'sub-11', 'sub-12', 'sub-13']",1.06,0.9018315018315018,True,2727,3360,0.8116071428571429
nearest_complete_0.5mm,nested_three_group_0_20,sub-01,"['sub-02', 'sub-03', 'sub-04', 'sub-05', 'sub-06', 'sub-07', 'sub-08', 'sub-09', 'sub-10', 'sub-11', 'sub-12', 'sub-13', 'sub-14']",1.07,0.9005360623781676,True,1463,1620,0.9030864197530865
nearest_complete_0.5mm,nested_three_group_0_20,sub-02,"['sub-01', 'sub-03', 'sub-04', 'sub-05', 'sub-06', 'sub-07', 'sub-08', 'sub-09', 'sub-10', 'sub-11', 'sub-12', 'sub-13', 'sub-14']",1.07,0.9005847953216374,True,1577,1620,0.9734567901234568
nearest_complete_0.5mm,nested_three_group_0_20,sub-03,"['sub-01', 'sub-02', 'sub-04', 'sub-05', 'sub-06', 'sub-07', 'sub-08', 'sub-09', 'sub-10', 'sub-11', 'sub-12', 'sub-13', 'sub-14']",1.07,0.901608187134503,True,1448,1620,0.8938271604938272
nearest_complete_0.5mm,nested_three_group_0_20,sub-04,"['sub-01', 'sub-02', 'sub-03', 'sub-05', 'sub-06', 'sub-07', 'sub-08', 'sub-09', 'sub-10', 'sub-11', 'sub-12', 'sub-13', 'sub-14']",1.07,0.9014619883040935,True,1583,1620,0.9771604938271605
nearest_complete_0.5mm,nested_three_group_0_20,sub-05,"['sub-01', 'sub-02', 'sub-03', 'sub-04', 'sub-06', 'sub-07', 'sub-08', 'sub-09', 'sub-10', 'sub-11', 'sub-12', 'sub-13', 'sub-14']",1.07,0.9004873294346979,True,1599,1620,0.987037037037037
nearest_complete_0.5mm,nested_three_group_0_20,sub-06,"['sub-01', 'sub-02', 'sub-03', 'sub-04', 'sub-05', 'sub-07', 'sub-08', 'sub-09', 'sub-10', 'sub-11', 'sub-12', 'sub-13', 'sub-14']",1.07,0.9014132553606238,True,1295,1620,0.7993827160493827
nearest_complete_0.5mm,nested_three_group_0_20,sub-07,"['sub-01', 'sub-02', 'sub-03', 'sub-04', 'sub-05', 'sub-06', 'sub-08', 'sub-09', 'sub-10', 'sub-11', 'sub-12', 'sub-13', 'sub-14']",1.08,0.9019005847953216,True,1569,1620,0.9685185185185186
nearest_complete_0.5mm,nested_three_group_0_20,sub-08,"['sub-01', 'sub-02', 'sub-03', 'sub-04', 'sub-05', 'sub-06', 'sub-07', 'sub-09', 'sub-10', 'sub-11', 'sub-12', 'sub-13', 'sub-14']",1.08,0.9009259259259259,True,1573,1620,0.9709876543209877
nearest_complete_0.5mm,nested_three_group_0_20,sub-09,"['sub-01', 'sub-02', 'sub-03', 'sub-04', 'sub-05', 'sub-06', 'sub-07', 'sub-08', 'sub-10', 'sub-11', 'sub-12', 'sub-13', 'sub-14']",1.08,0.9019005847953216,True,1564,1620,0.9654320987654321
nearest_complete_0.5mm,nested_three_group_0_20,sub-10,"['sub-01', 'sub-02', 'sub-03', 'sub-04', 'sub-05', 'sub-06', 'sub-07', 'sub-08', 'sub-09', 'sub-11', 'sub-12', 'sub-13', 'sub-14']",1.07,0.9010233918128655,True,1608,1620,0.9925925925925926
nearest_complete_0.5mm,nested_three_group_0_20,sub-11,"['sub-01', 'sub-02', 'sub-03', 'sub-04', 'sub-05', 'sub-06', 'sub-07', 'sub-08', 'sub-09', 'sub-10', 'sub-12', 'sub-13', 'sub-14']",1.06,0.9014619883040935,True,1333,1620,0.8228395061728395
nearest_complete_0.5mm,nested_three_group_0_20,sub-12,"['sub-01', 'sub-02', 'sub-03', 'sub-04', 'sub-05', 'sub-06', 'sub-07', 'sub-08', 'sub-09', 'sub-10', 'sub-11', 'sub-13', 'sub-14']",1.07,0.901364522417154,True,1439,1620,0.8882716049382716
nearest_complete_0.5mm,nested_three_group_0_20,sub-13,"['sub-01', 'sub-02', 'sub-03', 'sub-04', 'sub-05', 'sub-06', 'sub-07', 'sub-08', 'sub-09', 'sub-10', 'sub-11', 'sub-12', 'sub-14']",1.05,0.9015594541910331,True,1118,1620,0.6901234567901234
nearest_complete_0.5mm,nested_three_group_0_20,sub-14,"['sub-01', 'sub-02', 'sub-03', 'sub-04', 'sub-05', 'sub-06', 'sub-07', 'sub-08', 'sub-09', 'sub-10', 'sub-11', 'sub-12', 'sub-13']",1.07,0.9017568850902185,True,784,1080,0.725925925925926
nearest_complete_0.5mm,nested_seven_segment_all,sub-01,"['sub-02', 'sub-03', 'sub-04', 'sub-05', 'sub-06', 'sub-07', 'sub-08', 'sub-09', 'sub-10', 'sub-11', 'sub-12', 'sub-13', 'sub-14']",1.05,0.9009555137844611,True,3943,5040,0.7823412698412698
nearest_complete_0.5mm,nested_seven_segment_all,sub-02,"['sub-01', 'sub-03', 'sub-04', 'sub-05', 'sub-06', 'sub-07', 'sub-08', 'sub-09', 'sub-10', 'sub-11', 'sub-12', 'sub-13', 'sub-14']",1.06,0.900485588972431,True,4890,5040,0.9702380952380952
nearest_complete_0.5mm,nested_seven_segment_all,sub-03,"['sub-01', 'sub-02', 'sub-04', 'sub-05', 'sub-06', 'sub-07', 'sub-08', 'sub-09', 'sub-10', 'sub-11', 'sub-12', 'sub-13', 'sub-14']",1.06,0.9006265664160401,True,4822,5040,0.9567460317460318
nearest_complete_0.5mm,nested_seven_segment_all,sub-04,"['sub-01', 'sub-02', 'sub-03', 'sub-05', 'sub-06', 'sub-07', 'sub-08', 'sub-09', 'sub-10', 'sub-11', 'sub-12', 'sub-13', 'sub-14']",1.06,0.900109649122807,True,4970,5040,0.9861111111111112
nearest_complete_0.5mm,nested_seven_segment_all,sub-05,"['sub-01', 'sub-02', 'sub-03', 'sub-04', 'sub-06', 'sub-07', 'sub-08', 'sub-09', 'sub-10', 'sub-11', 'sub-12', 'sub-13', 'sub-14']",1.07,0.9013157894736842,True,4596,5040,0.9119047619047619
nearest_complete_0.5mm,nested_seven_segment_all,sub-06,"['sub-01', 'sub-02', 'sub-03', 'sub-04', 'sub-05', 'sub-07', 'sub-08', 'sub-09', 'sub-10', 'sub-11', 'sub-12', 'sub-13', 'sub-14']",1.07,0.9015194235588972,True,4056,5040,0.8047619047619048
nearest_complete_0.5mm,nested_seven_segment_all,sub-07,"['sub-01', 'sub-02', 'sub-03', 'sub-04', 'sub-05', 'sub-06', 'sub-08', 'sub-09', 'sub-10', 'sub-11', 'sub-12', 'sub-13', 'sub-14']",1.07,0.9007205513784461,True,4456,5040,0.8841269841269841
nearest_complete_0.5mm,nested_seven_segment_all,sub-08,"['sub-01', 'sub-02', 'sub-03', 'sub-04', 'sub-05', 'sub-06', 'sub-07', 'sub-09', 'sub-10', 'sub-11', 'sub-12', 'sub-13', 'sub-14']",1.07,0.9008302005012532,True,4613,5040,0.9152777777777777
nearest_complete_0.5mm,nested_seven_segment_all,sub-09,"['sub-01', 'sub-02', 'sub-03', 'sub-04', 'sub-05', 'sub-06', 'sub-07', 'sub-08', 'sub-10', 'sub-11', 'sub-12', 'sub-13', 'sub-14']",1.06,0.900015664160401,True,4827,5040,0.9577380952380953
nearest_complete_0.5mm,nested_seven_segment_all,sub-10,"['sub-01', 'sub-02', 'sub-03', 'sub-04', 'sub-05', 'sub-06', 'sub-07', 'sub-08', 'sub-09', 'sub-11', 'sub-12', 'sub-13', 'sub-14']",1.07,0.9016917293233083,True,4778,5040,0.948015873015873
nearest_complete_0.5mm,nested_seven_segment_all,sub-11,"['sub-01', 'sub-02', 'sub-03', 'sub-04', 'sub-05', 'sub-06', 'sub-07', 'sub-08', 'sub-09', 'sub-10', 'sub-12', 'sub-13', 'sub-14']",1.07,0.9005325814536341,True,4399,5040,0.8728174603174603
nearest_complete_0.5mm,nested_seven_segment_all,sub-12,"['sub-01', 'sub-02', 'sub-03', 'sub-04', 'sub-05', 'sub-06', 'sub-07', 'sub-08', 'sub-09', 'sub-10', 'sub-11', 'sub-13', 'sub-14']",1.07,0.9007048872180451,True,4523,5040,0.897420634920635
nearest_complete_0.5mm,nested_seven_segment_all,sub-13,"['sub-01', 'sub-02', 'sub-03', 'sub-04', 'sub-05', 'sub-06', 'sub-07', 'sub-08', 'sub-09', 'sub-10', 'sub-11', 'sub-12', 'sub-14']",1.06,0.9014880952380953,True,4610,5040,0.9146825396825397
nearest_complete_0.5mm,nested_seven_segment_all,sub-14,"['sub-01', 'sub-02', 'sub-03', 'sub-04', 'sub-05', 'sub-06', 'sub-07', 'sub-08', 'sub-09', 'sub-10', 'sub-11', 'sub-12', 'sub-13']",1.07,0.9012973137973138,True,2674,3360,0.7958333333333333
p1_complete_0.25mm,nested_three_group_0_20,sub-01,"['sub-02', 'sub-03', 'sub-04', 'sub-05', 'sub-06', 'sub-07', 'sub-08', 'sub-09', 'sub-10', 'sub-11', 'sub-12', 'sub-13', 'sub-14']",1.08,0.9017056530214425,True,1498,1620,0.9246913580246914
p1_complete_0.25mm,nested_three_group_0_20,sub-02,"['sub-01', 'sub-03', 'sub-04', 'sub-05', 'sub-06', 'sub-07', 'sub-08', 'sub-09', 'sub-10', 'sub-11', 'sub-12', 'sub-13', 'sub-14']",1.07,0.9017543859649123,True,1565,1620,0.9660493827160493
p1_complete_0.25mm,nested_three_group_0_20,sub-03,"['sub-01', 'sub-02', 'sub-04', 'sub-05', 'sub-06', 'sub-07', 'sub-08', 'sub-09', 'sub-10', 'sub-11', 'sub-12', 'sub-13', 'sub-14']",1.08,0.9001461988304094,True,1400,1620,0.8641975308641975
p1_complete_0.25mm,nested_three_group_0_20,sub-04,"['sub-01', 'sub-02', 'sub-03', 'sub-05', 'sub-06', 'sub-07', 'sub-08', 'sub-09', 'sub-10', 'sub-11', 'sub-12', 'sub-13', 'sub-14']",1.07,0.9015594541910331,True,1612,1620,0.9950617283950617
p1_complete_0.25mm,nested_three_group_0_20,sub-05,"['sub-01', 'sub-02', 'sub-03', 'sub-04', 'sub-06', 'sub-07', 'sub-08', 'sub-09', 'sub-10', 'sub-11', 'sub-12', 'sub-13', 'sub-14']",1.07,0.9015107212475634,True,1617,1620,0.9981481481481481
p1_complete_0.25mm,nested_three_group_0_20,sub-06,"['sub-01', 'sub-02', 'sub-03', 'sub-04', 'sub-05', 'sub-07', 'sub-08', 'sub-09', 'sub-10', 'sub-11', 'sub-12', 'sub-13', 'sub-14']",1.06,0.9019005847953216,True,1216,1620,0.7506172839506173
p1_complete_0.25mm,nested_three_group_0_20,sub-07,"['sub-01', 'sub-02', 'sub-03', 'sub-04', 'sub-05', 'sub-06', 'sub-08', 'sub-09', 'sub-10', 'sub-11', 'sub-12', 'sub-13', 'sub-14']",1.08,0.9012183235867446,True,1574,1620,0.971604938271605
p1_complete_0.25mm,nested_three_group_0_20,sub-08,"['sub-01', 'sub-02', 'sub-03', 'sub-04', 'sub-05', 'sub-06', 'sub-07', 'sub-09', 'sub-10', 'sub-11', 'sub-12', 'sub-13', 'sub-14']",1.08,0.9015107212475634,True,1597,1620,0.9858024691358025
p1_complete_0.25mm,nested_three_group_0_20,sub-09,"['sub-01', 'sub-02', 'sub-03', 'sub-04', 'sub-05', 'sub-06', 'sub-07', 'sub-08', 'sub-10', 'sub-11', 'sub-12', 'sub-13', 'sub-14']",1.08,0.9021442495126706,True,1588,1620,0.980246913580247
p1_complete_0.25mm,nested_three_group_0_20,sub-10,"['sub-01', 'sub-02', 'sub-03', 'sub-04', 'sub-05', 'sub-06', 'sub-07', 'sub-08', 'sub-09', 'sub-11', 'sub-12', 'sub-13', 'sub-14']",1.07,0.9008284600389863,True,1605,1620,0.9907407407407407
p1_complete_0.25mm,nested_three_group_0_20,sub-11,"['sub-01', 'sub-02', 'sub-03', 'sub-04', 'sub-05', 'sub-06', 'sub-07', 'sub-08', 'sub-09', 'sub-10', 'sub-12', 'sub-13', 'sub-14']",1.09,0.9014619883040935,True,1342,1620,0.828395061728395
p1_complete_0.25mm,nested_three_group_0_20,sub-12,"['sub-01', 'sub-02', 'sub-03', 'sub-04', 'sub-05', 'sub-06', 'sub-07', 'sub-08', 'sub-09', 'sub-10', 'sub-11', 'sub-13', 'sub-14']",1.07,0.9008284600389863,True,1422,1620,0.8777777777777778
p1_complete_0.25mm,nested_three_group_0_20,sub-13,"['sub-01', 'sub-02', 'sub-03', 'sub-04', 'sub-05', 'sub-06', 'sub-07', 'sub-08', 'sub-09', 'sub-10', 'sub-11', 'sub-12', 'sub-14']",1.06,0.9000974658869396,True,1254,1620,0.774074074074074
p1_complete_0.25mm,nested_three_group_0_20,sub-14,"['sub-01', 'sub-02', 'sub-03', 'sub-04', 'sub-05', 'sub-06', 'sub-07', 'sub-08', 'sub-09', 'sub-10', 'sub-11', 'sub-12', 'sub-13']",1.11,0.9015669515669515,True,693,1080,0.6416666666666667
p1_complete_0.25mm,nested_seven_segment_all,sub-01,"['sub-02', 'sub-03', 'sub-04', 'sub-05', 'sub-06', 'sub-07', 'sub-08', 'sub-09', 'sub-10', 'sub-11', 'sub-12', 'sub-13', 'sub-14']",1.07,0.9022713032581454,True,4132,5040,0.8198412698412698
p1_complete_0.25mm,nested_seven_segment_all,sub-02,"['sub-01', 'sub-03', 'sub-04', 'sub-05', 'sub-06', 'sub-07', 'sub-08', 'sub-09', 'sub-10', 'sub-11', 'sub-12', 'sub-13', 'sub-14']",1.07,0.9022556390977443,True,4917,5040,0.9755952380952381
p1_complete_0.25mm,nested_seven_segment_all,sub-03,"['sub-01', 'sub-02', 'sub-04', 'sub-05', 'sub-06', 'sub-07', 'sub-08', 'sub-09', 'sub-10', 'sub-11', 'sub-12', 'sub-13', 'sub-14']",1.07,0.9024749373433584,True,4780,5040,0.9484126984126984
p1_complete_0.25mm,nested_seven_segment_all,sub-04,"['sub-01', 'sub-02', 'sub-03', 'sub-05', 'sub-06', 'sub-07', 'sub-08', 'sub-09', 'sub-10', 'sub-11', 'sub-12', 'sub-13', 'sub-14']",1.07,0.9022869674185464,True,5015,5040,0.9950396825396826
p1_complete_0.25mm,nested_seven_segment_all,sub-05,"['sub-01', 'sub-02', 'sub-03', 'sub-04', 'sub-06', 'sub-07', 'sub-08', 'sub-09', 'sub-10', 'sub-11', 'sub-12', 'sub-13', 'sub-14']",1.07,0.9007832080200501,True,4728,5040,0.9380952380952381
p1_complete_0.25mm,nested_seven_segment_all,sub-06,"['sub-01', 'sub-02', 'sub-03', 'sub-04', 'sub-05', 'sub-07', 'sub-08', 'sub-09', 'sub-10', 'sub-11', 'sub-12', 'sub-13', 'sub-14']",1.07,0.9021459899749373,True,4084,5040,0.8103174603174603
p1_complete_0.25mm,nested_seven_segment_all,sub-07,"['sub-01', 'sub-02', 'sub-03', 'sub-04', 'sub-05', 'sub-06', 'sub-08', 'sub-09', 'sub-10', 'sub-11', 'sub-12', 'sub-13', 'sub-14']",1.07,0.9012531328320802,True,4431,5040,0.8791666666666667
p1_complete_0.25mm,nested_seven_segment_all,sub-08,"['sub-01', 'sub-02', 'sub-03', 'sub-04', 'sub-05', 'sub-06', 'sub-07', 'sub-09', 'sub-10', 'sub-11', 'sub-12', 'sub-13', 'sub-14']",1.07,0.90015664160401,True,4578,5040,0.9083333333333333
p1_complete_0.25mm,nested_seven_segment_all,sub-09,"['sub-01', 'sub-02', 'sub-03', 'sub-04', 'sub-05', 'sub-06', 'sub-07', 'sub-08', 'sub-10', 'sub-11', 'sub-12', 'sub-13', 'sub-14']",1.07,0.9017543859649123,True,4861,5040,0.964484126984127
p1_complete_0.25mm,nested_seven_segment_all,sub-10,"['sub-01', 'sub-02', 'sub-03', 'sub-04', 'sub-05', 'sub-06', 'sub-07', 'sub-08', 'sub-09', 'sub-11', 'sub-12', 'sub-13', 'sub-14']",1.07,0.9010181704260651,True,4798,5040,0.9519841269841269
p1_complete_0.25mm,nested_seven_segment_all,sub-11,"['sub-01', 'sub-02', 'sub-03', 'sub-04', 'sub-05', 'sub-06', 'sub-07', 'sub-08', 'sub-09', 'sub-10', 'sub-12', 'sub-13', 'sub-14']",1.08,0.9030858395989975,True,4289,5040,0.8509920634920635
p1_complete_0.25mm,nested_seven_segment_all,sub-12,"['sub-01', 'sub-02', 'sub-03', 'sub-04', 'sub-05', 'sub-06', 'sub-07', 'sub-08', 'sub-09', 'sub-10', 'sub-11', 'sub-13', 'sub-14']",1.07,0.9013471177944862,True,4477,5040,0.8882936507936507
p1_complete_0.25mm,nested_seven_segment_all,sub-13,"['sub-01', 'sub-02', 'sub-03', 'sub-04', 'sub-05', 'sub-06', 'sub-07', 'sub-08', 'sub-09', 'sub-10', 'sub-11', 'sub-12', 'sub-14']",1.06,0.9006265664160401,True,4561,5040,0.9049603174603175
p1_complete_0.25mm,nested_seven_segment_all,sub-14,"['sub-01', 'sub-02', 'sub-03', 'sub-04', 'sub-05', 'sub-06', 'sub-07', 'sub-08', 'sub-09', 'sub-10', 'sub-11', 'sub-12', 'sub-13']",1.09,0.9017094017094017,True,2609,3360,0.7764880952380953
p1_complete_0.125mm,nested_three_group_0_20,sub-01,"['sub-02', 'sub-03', 'sub-04', 'sub-05', 'sub-06', 'sub-07', 'sub-08', 'sub-09', 'sub-10', 'sub-11', 'sub-12', 'sub-13', 'sub-14']",1.08,0.9014132553606238,True,1498,1620,0.9246913580246914
p1_complete_0.125mm,nested_three_group_0_20,sub-02,"['sub-01', 'sub-03', 'sub-04', 'sub-05', 'sub-06', 'sub-07', 'sub-08', 'sub-09', 'sub-10', 'sub-11', 'sub-12', 'sub-13', 'sub-14']",1.07,0.901608187134503,True,1565,1620,0.9660493827160493
p1_complete_0.125mm,nested_three_group_0_20,sub-03,"['sub-01', 'sub-02', 'sub-04', 'sub-05', 'sub-06', 'sub-07', 'sub-08', 'sub-09', 'sub-10', 'sub-11', 'sub-12', 'sub-13', 'sub-14']",1.08,0.9000974658869396,True,1400,1620,0.8641975308641975
p1_complete_0.125mm,nested_three_group_0_20,sub-04,"['sub-01', 'sub-02', 'sub-03', 'sub-05', 'sub-06', 'sub-07', 'sub-08', 'sub-09', 'sub-10', 'sub-11', 'sub-12', 'sub-13', 'sub-14']",1.07,0.9017056530214425,True,1612,1620,0.9950617283950617
p1_complete_0.125mm,nested_three_group_0_20,sub-05,"['sub-01', 'sub-02', 'sub-03', 'sub-04', 'sub-06', 'sub-07', 'sub-08', 'sub-09', 'sub-10', 'sub-11', 'sub-12', 'sub-13', 'sub-14']",1.07,0.901608187134503,True,1618,1620,0.9987654320987654
p1_complete_0.125mm,nested_three_group_0_20,sub-06,"['sub-01', 'sub-02', 'sub-03', 'sub-04', 'sub-05', 'sub-07', 'sub-08', 'sub-09', 'sub-10', 'sub-11', 'sub-12', 'sub-13', 'sub-14']",1.06,0.9019980506822612,True,1217,1620,0.7512345679012346
p1_complete_0.125mm,nested_three_group_0_20,sub-07,"['sub-01', 'sub-02', 'sub-03', 'sub-04', 'sub-05', 'sub-06', 'sub-08', 'sub-09', 'sub-10', 'sub-11', 'sub-12', 'sub-13', 'sub-14']",1.08,0.9012183235867446,True,1574,1620,0.971604938271605
p1_complete_0.125mm,nested_three_group_0_20,sub-08,"['sub-01', 'sub-02', 'sub-03', 'sub-04', 'sub-05', 'sub-06', 'sub-07', 'sub-09', 'sub-10', 'sub-11', 'sub-12', 'sub-13', 'sub-14']",1.08,0.9015594541910331,True,1597,1620,0.9858024691358025
p1_complete_0.125mm,nested_three_group_0_20,sub-09,"['sub-01', 'sub-02', 'sub-03', 'sub-04', 'sub-05', 'sub-06', 'sub-07', 'sub-08', 'sub-10', 'sub-11', 'sub-12', 'sub-13', 'sub-14']",1.08,0.902046783625731,True,1588,1620,0.980246913580247
p1_complete_0.125mm,nested_three_group_0_20,sub-10,"['sub-01', 'sub-02', 'sub-03', 'sub-04', 'sub-05', 'sub-06', 'sub-07', 'sub-08', 'sub-09', 'sub-11', 'sub-12', 'sub-13', 'sub-14']",1.07,0.9011695906432748,True,1605,1620,0.9907407407407407
p1_complete_0.125mm,nested_three_group_0_20,sub-11,"['sub-01', 'sub-02', 'sub-03', 'sub-04', 'sub-05', 'sub-06', 'sub-07', 'sub-08', 'sub-09', 'sub-10', 'sub-12', 'sub-13', 'sub-14']",1.09,0.9017056530214425,True,1343,1620,0.8290123456790124
p1_complete_0.125mm,nested_three_group_0_20,sub-12,"['sub-01', 'sub-02', 'sub-03', 'sub-04', 'sub-05', 'sub-06', 'sub-07', 'sub-08', 'sub-09', 'sub-10', 'sub-11', 'sub-13', 'sub-14']",1.07,0.9006335282651072,True,1421,1620,0.8771604938271605
p1_complete_0.125mm,nested_three_group_0_20,sub-13,"['sub-01', 'sub-02', 'sub-03', 'sub-04', 'sub-05', 'sub-06', 'sub-07', 'sub-08', 'sub-09', 'sub-10', 'sub-11', 'sub-12', 'sub-14']",1.06,0.9003411306042886,True,1252,1620,0.7728395061728395
p1_complete_0.125mm,nested_three_group_0_20,sub-14,"['sub-01', 'sub-02', 'sub-03', 'sub-04', 'sub-05', 'sub-06', 'sub-07', 'sub-08', 'sub-09', 'sub-10', 'sub-11', 'sub-12', 'sub-13']",1.11,0.9013770180436848,True,693,1080,0.6416666666666667
p1_complete_0.125mm,nested_seven_segment_all,sub-01,"['sub-02', 'sub-03', 'sub-04', 'sub-05', 'sub-06', 'sub-07', 'sub-08', 'sub-09', 'sub-10', 'sub-11', 'sub-12', 'sub-13', 'sub-14']",1.07,0.9022556390977443,True,4134,5040,0.8202380952380952
p1_complete_0.125mm,nested_seven_segment_all,sub-02,"['sub-01', 'sub-03', 'sub-04', 'sub-05', 'sub-06', 'sub-07', 'sub-08', 'sub-09', 'sub-10', 'sub-11', 'sub-12', 'sub-13', 'sub-14']",1.07,0.9022869674185464,True,4917,5040,0.9755952380952381
p1_complete_0.125mm,nested_seven_segment_all,sub-03,"['sub-01', 'sub-02', 'sub-04', 'sub-05', 'sub-06', 'sub-07', 'sub-08', 'sub-09', 'sub-10', 'sub-11', 'sub-12', 'sub-13', 'sub-14']",1.07,0.9024906015037594,True,4779,5040,0.9482142857142857
p1_complete_0.125mm,nested_seven_segment_all,sub-04,"['sub-01', 'sub-02', 'sub-03', 'sub-05', 'sub-06', 'sub-07', 'sub-08', 'sub-09', 'sub-10', 'sub-11', 'sub-12', 'sub-13', 'sub-14']",1.07,0.9023182957393484,True,5015,5040,0.9950396825396826
p1_complete_0.125mm,nested_seven_segment_all,sub-05,"['sub-01', 'sub-02', 'sub-03', 'sub-04', 'sub-06', 'sub-07', 'sub-08', 'sub-09', 'sub-10', 'sub-11', 'sub-12', 'sub-13', 'sub-14']",1.07,0.9007832080200501,True,4730,5040,0.9384920634920635
p1_complete_0.125mm,nested_seven_segment_all,sub-06,"['sub-01', 'sub-02', 'sub-03', 'sub-04', 'sub-05', 'sub-07', 'sub-08', 'sub-09', 'sub-10', 'sub-11', 'sub-12', 'sub-13', 'sub-14']",1.07,0.9024436090225564,True,4085,5040,0.810515873015873
p1_complete_0.125mm,nested_seven_segment_all,sub-07,"['sub-01', 'sub-02', 'sub-03', 'sub-04', 'sub-05', 'sub-06', 'sub-08', 'sub-09', 'sub-10', 'sub-11', 'sub-12', 'sub-13', 'sub-14']",1.07,0.9012844611528822,True,4430,5040,0.878968253968254
p1_complete_0.125mm,nested_seven_segment_all,sub-08,"['sub-01', 'sub-02', 'sub-03', 'sub-04', 'sub-05', 'sub-06', 'sub-07', 'sub-09', 'sub-10', 'sub-11', 'sub-12', 'sub-13', 'sub-14']",1.07,0.9002819548872181,True,4574,5040,0.9075396825396825
p1_complete_0.125mm,nested_seven_segment_all,sub-09,"['sub-01', 'sub-02', 'sub-03', 'sub-04', 'sub-05', 'sub-06', 'sub-07', 'sub-08', 'sub-10', 'sub-11', 'sub-12', 'sub-13', 'sub-14']",1.07,0.9016760651629072,True,4860,5040,0.9642857142857143
p1_complete_0.125mm,nested_seven_segment_all,sub-10,"['sub-01', 'sub-02', 'sub-03', 'sub-04', 'sub-05', 'sub-06', 'sub-07', 'sub-08', 'sub-09', 'sub-11', 'sub-12', 'sub-13', 'sub-14']",1.07,0.9012531328320802,True,4798,5040,0.9519841269841269
p1_complete_0.125mm,nested_seven_segment_all,sub-11,"['sub-01', 'sub-02', 'sub-03', 'sub-04', 'sub-05', 'sub-06', 'sub-07', 'sub-08', 'sub-09', 'sub-10', 'sub-12', 'sub-13', 'sub-14']",1.08,0.9030388471177945,True,4291,5040,0.8513888888888889
p1_complete_0.125mm,nested_seven_segment_all,sub-12,"['sub-01', 'sub-02', 'sub-03', 'sub-04', 'sub-05', 'sub-06', 'sub-07', 'sub-08', 'sub-09', 'sub-10', 'sub-11', 'sub-13', 'sub-14']",1.07,0.9012061403508772,True,4477,5040,0.8882936507936507
p1_complete_0.125mm,nested_seven_segment_all,sub-13,"['sub-01', 'sub-02', 'sub-03', 'sub-04', 'sub-05', 'sub-06', 'sub-07', 'sub-08', 'sub-09', 'sub-10', 'sub-11', 'sub-12', 'sub-14']",1.06,0.9006892230576441,True,4560,5040,0.9047619047619048
p1_complete_0.125mm,nested_seven_segment_all,sub-14,"['sub-01', 'sub-02', 'sub-03', 'sub-04', 'sub-05', 'sub-06', 'sub-07', 'sub-08', 'sub-09', 'sub-10', 'sub-11', 'sub-12', 'sub-13']",1.09,0.9016178266178266,True,2608,3360,0.7761904761904762
