offset_mm,name,x_m,z_m,half_width_x_m,half_height_z_m,side,current_mA,actual_area_m2,facet_count
0,posterior_cathode,0.3357108339438413,1.2041641118307416,0.025,0.025,posterior,-100.0,0.0024557135302525563,3767
0,anode_left_inferior,0.3102108339438413,1.0260815891475956,0.025,0.05,anterior,25.0,0.004896764067683545,7273
0,anode_left_superior,0.3102108339438413,1.1270815891475956,0.025,0.05,anterior,25.0,0.003948223417792643,5930
0,anode_right_inferior,0.3612108339438413,1.0260815891475956,0.025,0.05,anterior,25.0,0.004881771290617845,7104
0,anode_right_superior,0.3612108339438413,1.1270815891475956,0.025,0.05,anterior,25.0,0.003923394869997831,5809
10,posterior_cathode,0.3357108339438413,1.1941641118307416,0.025,0.025,posterior,-100.0,0.00238124383642475,3720
10,anode_left_inferior,0.3102108339438413,1.0260815891475956,0.025,0.05,anterior,25.0,0.004896764067683545,7273
10,anode_left_superior,0.3102108339438413,1.1270815891475956,0.025,0.05,anterior,25.0,0.003948223417792643,5930
10,anode_right_inferior,0.3612108339438413,1.0260815891475956,0.025,0.05,anterior,25.0,0.004881771290617845,7104
10,anode_right_superior,0.3612108339438413,1.1270815891475956,0.025,0.05,anterior,25.0,0.003923394869997831,5809
20,posterior_cathode,0.3357108339438413,1.1841641118307416,0.025,0.025,posterior,-100.0,0.0023709764380666024,3741
20,anode_left_inferior,0.3102108339438413,1.0260815891475956,0.025,0.05,anterior,25.0,0.004896764067683545,7273
20,anode_left_superior,0.3102108339438413,1.1270815891475956,0.025,0.05,anterior,25.0,0.003948223417792643,5930
20,anode_right_inferior,0.3612108339438413,1.0260815891475956,0.025,0.05,anterior,25.0,0.004881771290617845,7104
20,anode_right_superior,0.3612108339438413,1.1270815891475956,0.025,0.05,anterior,25.0,0.003923394869997831,5809
100,posterior_cathode,0.3357108339438413,1.1041641118307417,0.025,0.025,posterior,-100.0,0.0025837123404651857,3833
100,anode_left_inferior,0.3102108339438413,1.0260815891475956,0.025,0.05,anterior,25.0,0.004896764067683545,7273
100,anode_left_superior,0.3102108339438413,1.1270815891475956,0.025,0.05,anterior,25.0,0.003948223417792643,5930
100,anode_right_inferior,0.3612108339438413,1.0260815891475956,0.025,0.05,anterior,25.0,0.004881771290617845,7104
100,anode_right_superior,0.3612108339438413,1.1270815891475956,0.025,0.05,anterior,25.0,0.003923394869997831,5809
