first,second,segment,paired,n_geometry,share_change_pp,own_peak_contribution_pp,other_peaks_contribution_pp,raw_peak_change,raw_geometry_positive,share_geometry_positive
0,10,L1,2460,14,0.6501670323328629,1.030927044647897,-0.38076001231503465,899.3224206560562,12,13
0,10,L2,2460,14,0.1881431441114699,0.6932915325998561,-0.5051483884883863,591.3014625902912,12,10
0,10,L3,2460,14,-0.11871081379337221,0.3164399369195448,-0.4351507507129169,139.8163609264614,12,8
0,10,L4,2460,14,-0.048092810983988474,0.3606664508125642,-0.4087592617965527,506.91291026628693,12,4
0,10,L5,2460,14,-0.28508345599188656,0.12306173023620263,-0.40814518622808915,265.8695710822104,12,5
0,10,S1,2460,14,-0.24775967865960785,0.30468166059884194,-0.5524413392584498,898.6102606667882,12,4
0,10,S2,2460,14,-0.13866341701547738,0.3535537465723014,-0.4922171635877787,785.9837158050393,14,4
0,20,L1,2460,14,1.167648904155685,1.7805527642965175,-0.6129038601408335,1826.6235162187184,12,13
0,20,L2,2460,14,0.24680054271728924,1.1497701459097533,-0.9029696031924642,1180.4365293092972,12,11
0,20,L3,2460,14,-0.2709794597740118,0.48367204266562575,-0.7546515024396377,305.6259478596974,12,8
0,20,L4,2460,14,-0.08324708729768791,0.5923677014365606,-0.6756147887342483,924.4660111484724,12,5
0,20,L5,2460,14,-0.48968804372172736,0.15611970943204442,-0.6458077531537715,520.3650563359319,12,5
0,20,S1,2460,14,-0.4331398133052059,0.4972368283894816,-0.9303766416946873,1789.3221276627366,12,5
0,20,S2,2460,14,-0.13739504277434156,0.6927034274704268,-0.8300984702447686,1730.5408151509748,14,6
0,100,L1,2460,14,-2.3150036537346668,-7.097163069352354,4.782159415617687,-2759.4281342568147,0,4
0,100,L2,2460,14,-3.254768669672507,-7.610621581412363,4.355852911739857,-3280.3355470191723,2,3
0,100,L3,2460,14,0.3908518720686605,-4.788611756463219,5.179463628531879,-1468.549829434118,4,5
0,100,L4,2460,14,-1.1761783750443404,-5.867138663259107,4.690960288214765,-4534.483782638897,4,7
0,100,L5,2460,14,1.3493088552405297,-3.707378803462696,5.056687658703226,-1829.652040925401,6,11
0,100,S1,2460,14,-0.49770253203422893,-5.698399772000909,5.200697239966677,-4023.4709652572305,5,7
0,100,S2,2460,14,5.5034925031765525,-0.056423834703405805,5.559916337879956,2989.4548999930544,10,14
10,20,L1,2460,14,0.5174818718228223,0.7482294237301342,-0.23074755190731233,927.301095562662,12,13
10,20,L2,2460,14,0.05865739860581966,0.4566951300624464,-0.3980377314566271,589.135066719007,12,10
10,20,L3,2460,14,-0.15226864598063977,0.1666313954356423,-0.31890004141628187,165.8095869332357,12,8
10,20,L4,2460,14,-0.035154276313699384,0.23079931637623888,-0.2659535926899381,417.55310088218545,12,6
10,20,L5,2460,14,-0.2046045877298408,0.033399219808125366,-0.23800380753796638,254.49548525372157,13,5
10,20,S1,2460,14,-0.18538013464559752,0.19308498736295948,-0.37846512200855714,890.7118669959484,12,5
10,20,S2,2460,14,0.0012683742411358316,0.339117168706499,-0.33784879446536326,944.5570993459354,14,7
10,100,L1,2460,14,-2.965170686067529,-8.217426176396623,5.2522554903290954,-3658.7505549128705,0,1
10,100,L2,2460,14,-3.4429118137839754,-8.240391908943256,4.79748009515928,-3871.6370096094624,1,3
10,100,L3,2460,14,0.5095626858620327,-5.0411388671328075,5.550701552994839,-1608.3661903605791,4,5
10,100,L4,2460,14,-1.128085564060353,-6.261746045526573,5.1336604814662214,-5041.396692905183,4,7
10,100,L5,2460,14,1.6343923112324157,-3.8511104990095077,5.4855028102419245,-2095.5216120076107,5,13
10,100,S1,2460,14,-0.24994285337462063,-6.001903926533868,5.751961073159248,-4922.08122592402,4,7
10,100,S2,2460,14,5.642155920192029,-0.4310032650950465,6.073159185287076,2203.4711841880153,10,14
20,100,L1,2460,14,-3.4826525578903507,-9.046413693686304,5.563761135795955,-4586.051650475533,0,1
20,100,L2,2460,14,-3.5015692123897955,-8.579219724047489,5.077650511657695,-4460.772076328471,1,2
20,100,L3,2460,14,0.6618313318426731,-5.111254075570962,5.773085407413637,-1774.1757772938147,4,5
20,100,L4,2460,14,-1.0929312877466528,-6.528436351374674,5.435505063628021,-5458.949793787369,3,7
20,100,L5,2460,14,1.8389968989622567,-3.913101998378134,5.752098897340393,-2350.0170972613328,4,13
20,100,S1,2460,14,-0.06456271872902228,-6.201927355869684,6.137364637140661,-5812.7930929199665,4,7
20,100,S2,2460,14,5.6408875459508945,-0.7907863059920555,6.431673851942948,1258.9140848420807,8,14
