method,first,second,segment,paired,units,mean_first,mean_second,equal_geometry_change,geometry_positive_negative
frozen_legacy,0,10,L1,2520,V/(A*m^2),17851.86357117655,18363.81593566874,511.9523644921913,"[8, 6]"
frozen_legacy,0,10,L2,2520,V/(A*m^2),18201.921646931612,18486.89620495655,284.97455802493647,"[7, 7]"
frozen_legacy,0,10,L3,2520,V/(A*m^2),16783.93218389685,16585.754041662738,-198.1781422341132,"[6, 8]"
frozen_legacy,0,10,L4,2520,V/(A*m^2),18313.658777301884,18483.31086708605,169.65208978416686,"[5, 9]"
frozen_legacy,0,10,L5,2520,V/(A*m^2),16781.233826422093,16804.03306696256,22.799240540463842,"[2, 12]"
frozen_legacy,0,10,S1,2520,V/(A*m^2),19877.238308885884,21103.857687945263,1226.6193790593786,"[10, 4]"
frozen_legacy,0,10,S2,2460,V/(A*m^2),16666.865447829343,17721.769234000014,1029.5653656140992,"[12, 2]"
frozen_legacy,0,20,L1,2520,V/(A*m^2),17851.86357117655,19112.830387196973,1260.9668160204262,"[10, 4]"
frozen_legacy,0,20,L2,2520,V/(A*m^2),18201.921646931612,18956.293097364636,754.3714504330237,"[7, 7]"
frozen_legacy,0,20,L3,2520,V/(A*m^2),16783.93218389685,16283.018045437108,-500.914138459742,"[3, 11]"
frozen_legacy,0,20,L4,2520,V/(A*m^2),18313.658777301884,18513.51777959297,199.85900229108748,"[5, 9]"
frozen_legacy,0,20,L5,2520,V/(A*m^2),16781.233826422093,16632.194954372655,-149.03887204943595,"[2, 12]"
frozen_legacy,0,20,S1,2520,V/(A*m^2),19877.238308885884,22375.47783471162,2498.239525825738,"[9, 5]"
frozen_legacy,0,20,S2,2460,V/(A*m^2),16666.865447829343,18974.07175928401,2250.090413340467,"[12, 2]"
frozen_legacy,0,100,L1,2520,V/(A*m^2),17851.86357117655,11221.81112537228,-6630.052445804266,"[0, 14]"
frozen_legacy,0,100,L2,2520,V/(A*m^2),18201.921646931612,11953.711808569136,-6248.209838362475,"[0, 14]"
frozen_legacy,0,100,L3,2520,V/(A*m^2),16783.93218389685,10747.190981593674,-6036.741202303178,"[1, 13]"
frozen_legacy,0,100,L4,2520,V/(A*m^2),18313.658777301884,9229.027450112078,-9084.631327189802,"[0, 14]"
frozen_legacy,0,100,L5,2520,V/(A*m^2),16781.233826422093,9837.220679568425,-6944.013146853668,"[1, 13]"
frozen_legacy,0,100,S1,2520,V/(A*m^2),19877.238308885884,14582.279603361085,-5294.958705524799,"[3, 11]"
frozen_legacy,0,100,S2,2460,V/(A*m^2),16666.865447829343,18715.21791874582,1891.7006513338808,"[5, 9]"
frozen_legacy,10,20,L1,2520,V/(A*m^2),18363.81593566874,19112.830387196973,749.0144515282351,"[10, 4]"
frozen_legacy,10,20,L2,2520,V/(A*m^2),18486.89620495655,18956.293097364636,469.3968924080874,"[7, 7]"
frozen_legacy,10,20,L3,2520,V/(A*m^2),16585.754041662738,16283.018045437108,-302.7359962256288,"[3, 11]"
frozen_legacy,10,20,L4,2520,V/(A*m^2),18483.31086708605,18513.51777959297,30.206912506920503,"[4, 10]"
frozen_legacy,10,20,L5,2520,V/(A*m^2),16804.03306696256,16632.194954372655,-171.8381125898996,"[2, 12]"
frozen_legacy,10,20,S1,2520,V/(A*m^2),21103.857687945263,22375.47783471162,1271.620146766359,"[8, 6]"
frozen_legacy,10,20,S2,2460,V/(A*m^2),17721.769234000014,18974.07175928401,1220.5250477263676,"[12, 2]"
frozen_legacy,10,100,L1,2520,V/(A*m^2),18363.81593566874,11221.81112537228,-7142.004810296458,"[0, 14]"
frozen_legacy,10,100,L2,2520,V/(A*m^2),18486.89620495655,11953.711808569136,-6533.184396387412,"[0, 14]"
frozen_legacy,10,100,L3,2520,V/(A*m^2),16585.754041662738,10747.190981593674,-5838.563060069064,"[1, 13]"
frozen_legacy,10,100,L4,2520,V/(A*m^2),18483.31086708605,9229.027450112078,-9254.283416973969,"[0, 14]"
frozen_legacy,10,100,L5,2520,V/(A*m^2),16804.03306696256,9837.220679568425,-6966.812387394132,"[1, 13]"
frozen_legacy,10,100,S1,2520,V/(A*m^2),21103.857687945263,14582.279603361085,-6521.578084584178,"[2, 12]"
frozen_legacy,10,100,S2,2460,V/(A*m^2),17721.769234000014,18715.21791874582,862.1352857197807,"[5, 9]"
frozen_legacy,20,100,L1,2520,V/(A*m^2),19112.830387196973,11221.81112537228,-7891.019261824694,"[0, 14]"
frozen_legacy,20,100,L2,2520,V/(A*m^2),18956.293097364636,11953.711808569136,-7002.581288795499,"[0, 14]"
frozen_legacy,20,100,L3,2520,V/(A*m^2),16283.018045437108,10747.190981593674,-5535.827063843436,"[1, 13]"
frozen_legacy,20,100,L4,2520,V/(A*m^2),18513.51777959297,9229.027450112078,-9284.490329480892,"[0, 14]"
frozen_legacy,20,100,L5,2520,V/(A*m^2),16632.194954372655,9837.220679568425,-6794.974274804234,"[1, 13]"
frozen_legacy,20,100,S1,2520,V/(A*m^2),22375.47783471162,14582.279603361085,-7793.198231350537,"[0, 14]"
frozen_legacy,20,100,S2,2460,V/(A*m^2),18974.07175928401,18715.21791874582,-358.38976200658647,"[4, 10]"
p1_complete_0.5mm,0,10,L1,2520,V/(A*m^2),10713.2990636473,11599.611621086935,886.3125574396348,"[12, 2]"
p1_complete_0.5mm,0,10,L2,2520,V/(A*m^2),11085.942362900812,11669.837700647184,583.8953377463716,"[12, 2]"
p1_complete_0.5mm,0,10,L3,2520,V/(A*m^2),8607.014795248935,8740.757793053705,133.74299780476875,"[12, 2]"
p1_complete_0.5mm,0,10,L4,2520,V/(A*m^2),10323.486551415053,10836.3690771743,512.8825257592459,"[12, 2]"
p1_complete_0.5mm,0,10,L5,2520,V/(A*m^2),9223.41170433402,9477.882388043978,254.47068370995632,"[12, 2]"
p1_complete_0.5mm,0,10,S1,2475,V/(A*m^2),13297.62244638371,14190.008076894945,877.0674928279116,"[12, 2]"
p1_complete_0.5mm,0,10,S2,2460,V/(A*m^2),8972.940998840251,9753.439831216714,762.3867336691137,"[14, 0]"
p1_complete_0.5mm,0,20,L1,2520,V/(A*m^2),10713.2990636473,12503.928257708181,1790.6291940608837,"[12, 2]"
p1_complete_0.5mm,0,20,L2,2520,V/(A*m^2),11085.942362900812,12253.415100661772,1167.4727377609581,"[12, 2]"
p1_complete_0.5mm,0,20,L3,2520,V/(A*m^2),8607.014795248935,8892.797228436255,285.7824331873189,"[12, 2]"
p1_complete_0.5mm,0,20,L4,2520,V/(A*m^2),10323.486551415053,11270.59071680289,947.1041653878377,"[12, 2]"
p1_complete_0.5mm,0,20,L5,2520,V/(A*m^2),9223.41170433402,9717.510559497841,494.09885516382064,"[12, 2]"
p1_complete_0.5mm,0,20,S1,2475,V/(A*m^2),13297.62244638371,15075.87072788373,1747.2047928744955,"[12, 2]"
p1_complete_0.5mm,0,20,S2,2460,V/(A*m^2),8972.940998840251,10691.303833108672,1678.362012461206,"[14, 0]"
p1_complete_0.5mm,0,100,L1,2520,V/(A*m^2),10713.2990636473,7962.424683246652,-2750.8743804006485,"[0, 14]"
p1_complete_0.5mm,0,100,L2,2520,V/(A*m^2),11085.942362900812,8062.515845372398,-3023.426517528414,"[2, 12]"
p1_complete_0.5mm,0,100,L3,2520,V/(A*m^2),8607.014795248935,7099.211437783739,-1507.8033574651965,"[4, 10]"
p1_complete_0.5mm,0,100,L4,2520,V/(A*m^2),10323.486551415053,6134.917076690822,-4188.569474724232,"[4, 10]"
p1_complete_0.5mm,0,100,L5,2520,V/(A*m^2),9223.41170433402,7390.2628711756315,-1833.1488331583878,"[6, 8]"
p1_complete_0.5mm,0,100,S1,2475,V/(A*m^2),13297.62244638371,9185.059999380199,-4017.8083189435683,"[5, 9]"
p1_complete_0.5mm,0,100,S2,2460,V/(A*m^2),8972.940998840251,11851.470689157191,2875.2014894573076,"[10, 4]"
p1_complete_0.5mm,10,20,L1,2520,V/(A*m^2),11599.611621086935,12503.928257708181,904.3166366212488,"[12, 2]"
p1_complete_0.5mm,10,20,L2,2520,V/(A*m^2),11669.837700647184,12253.415100661772,583.5774000145866,"[12, 2]"
p1_complete_0.5mm,10,20,L3,2520,V/(A*m^2),8740.757793053705,8892.797228436255,152.03943538255012,"[12, 2]"
p1_complete_0.5mm,10,20,L4,2520,V/(A*m^2),10836.3690771743,11270.59071680289,434.22163962859173,"[12, 2]"
p1_complete_0.5mm,10,20,L5,2520,V/(A*m^2),9477.882388043978,9717.510559497841,239.62817145386424,"[12, 2]"
p1_complete_0.5mm,10,20,S1,2475,V/(A*m^2),14190.008076894945,15075.87072788373,870.1373000465836,"[12, 2]"
p1_complete_0.5mm,10,20,S2,2460,V/(A*m^2),9753.439831216714,10691.303833108672,915.9752787920922,"[14, 0]"
p1_complete_0.5mm,10,100,L1,2520,V/(A*m^2),11599.611621086935,7962.424683246652,-3637.186937840284,"[0, 14]"
p1_complete_0.5mm,10,100,L2,2520,V/(A*m^2),11669.837700647184,8062.515845372398,-3607.321855274785,"[1, 13]"
p1_complete_0.5mm,10,100,L3,2520,V/(A*m^2),8740.757793053705,7099.211437783739,-1641.5463552699655,"[4, 10]"
p1_complete_0.5mm,10,100,L4,2520,V/(A*m^2),10836.3690771743,6134.917076690822,-4701.4520004834785,"[4, 10]"
p1_complete_0.5mm,10,100,L5,2520,V/(A*m^2),9477.882388043978,7390.2628711756315,-2087.6195168683444,"[5, 9]"
p1_complete_0.5mm,10,100,S1,2475,V/(A*m^2),14190.008076894945,9185.059999380199,-4894.875811771481,"[4, 10]"
p1_complete_0.5mm,10,100,S2,2460,V/(A*m^2),9753.439831216714,11851.470689157191,2112.8147557881935,"[10, 4]"
p1_complete_0.5mm,20,100,L1,2520,V/(A*m^2),12503.928257708181,7962.424683246652,-4541.5035744615325,"[0, 14]"
p1_complete_0.5mm,20,100,L2,2520,V/(A*m^2),12253.415100661772,8062.515845372398,-4190.899255289372,"[1, 13]"
p1_complete_0.5mm,20,100,L3,2520,V/(A*m^2),8892.797228436255,7099.211437783739,-1793.5857906525155,"[4, 10]"
p1_complete_0.5mm,20,100,L4,2520,V/(A*m^2),11270.59071680289,6134.917076690822,-5135.673640112071,"[3, 11]"
p1_complete_0.5mm,20,100,L5,2520,V/(A*m^2),9717.510559497841,7390.2628711756315,-2327.2476883222084,"[3, 11]"
p1_complete_0.5mm,20,100,S1,2475,V/(A*m^2),15075.87072788373,9185.059999380199,-5765.013111818064,"[4, 10]"
p1_complete_0.5mm,20,100,S2,2460,V/(A*m^2),10691.303833108672,11851.470689157191,1196.8394769961008,"[8, 6]"
legacy_replay_0.5mm,0,10,L1,2520,V/(A*m^2),17851.86357117655,18363.81593566874,511.9523644921913,"[8, 6]"
legacy_replay_0.5mm,0,10,L2,2520,V/(A*m^2),18201.921646931612,18486.896204956545,284.9745580249365,"[7, 7]"
legacy_replay_0.5mm,0,10,L3,2520,V/(A*m^2),16783.93218389685,16585.754041662734,-198.17814223411327,"[6, 8]"
legacy_replay_0.5mm,0,10,L4,2520,V/(A*m^2),18313.658777301884,18483.310867086046,169.6520897841669,"[5, 9]"
legacy_replay_0.5mm,0,10,L5,2520,V/(A*m^2),16781.233826422093,16804.03306696256,22.799240540463945,"[2, 12]"
legacy_replay_0.5mm,0,10,S1,2520,V/(A*m^2),19877.238308885884,21103.857687945263,1226.6193790593786,"[10, 4]"
legacy_replay_0.5mm,0,10,S2,2460,V/(A*m^2),16666.865447829343,17721.769234000018,1029.5653656140992,"[12, 2]"
legacy_replay_0.5mm,0,20,L1,2520,V/(A*m^2),17851.86357117655,19112.830387196973,1260.9668160204267,"[10, 4]"
legacy_replay_0.5mm,0,20,L2,2520,V/(A*m^2),18201.921646931612,18956.293097364636,754.3714504330238,"[7, 7]"
legacy_replay_0.5mm,0,20,L3,2520,V/(A*m^2),16783.93218389685,16283.018045437108,-500.91413845974193,"[3, 11]"
legacy_replay_0.5mm,0,20,L4,2520,V/(A*m^2),18313.658777301884,18513.51777959297,199.85900229108742,"[5, 9]"
legacy_replay_0.5mm,0,20,L5,2520,V/(A*m^2),16781.233826422093,16632.194954372655,-149.03887204943595,"[2, 12]"
legacy_replay_0.5mm,0,20,S1,2520,V/(A*m^2),19877.238308885884,22375.47783471162,2498.239525825738,"[9, 5]"
legacy_replay_0.5mm,0,20,S2,2460,V/(A*m^2),16666.865447829343,18974.07175928401,2250.090413340467,"[12, 2]"
legacy_replay_0.5mm,0,100,L1,2520,V/(A*m^2),17851.86357117655,11221.81112537228,-6630.052445804268,"[0, 14]"
legacy_replay_0.5mm,0,100,L2,2520,V/(A*m^2),18201.921646931612,11953.711808569136,-6248.209838362475,"[0, 14]"
legacy_replay_0.5mm,0,100,L3,2520,V/(A*m^2),16783.93218389685,10747.190981593674,-6036.741202303178,"[1, 13]"
legacy_replay_0.5mm,0,100,L4,2520,V/(A*m^2),18313.658777301884,9229.027450112077,-9084.631327189802,"[0, 14]"
legacy_replay_0.5mm,0,100,L5,2520,V/(A*m^2),16781.233826422093,9837.220679568425,-6944.013146853669,"[1, 13]"
legacy_replay_0.5mm,0,100,S1,2520,V/(A*m^2),19877.238308885884,14582.279603361085,-5294.9587055247985,"[3, 11]"
legacy_replay_0.5mm,0,100,S2,2460,V/(A*m^2),16666.865447829343,18715.21791874582,1891.7006513338808,"[5, 9]"
legacy_replay_0.5mm,10,20,L1,2520,V/(A*m^2),18363.81593566874,19112.830387196973,749.0144515282353,"[10, 4]"
legacy_replay_0.5mm,10,20,L2,2520,V/(A*m^2),18486.896204956545,18956.293097364636,469.3968924080874,"[7, 7]"
legacy_replay_0.5mm,10,20,L3,2520,V/(A*m^2),16585.754041662734,16283.018045437108,-302.73599622562887,"[3, 11]"
legacy_replay_0.5mm,10,20,L4,2520,V/(A*m^2),18483.310867086046,18513.51777959297,30.206912506920567,"[4, 10]"
legacy_replay_0.5mm,10,20,L5,2520,V/(A*m^2),16804.03306696256,16632.194954372655,-171.83811258989962,"[2, 12]"
legacy_replay_0.5mm,10,20,S1,2520,V/(A*m^2),21103.857687945263,22375.47783471162,1271.6201467663595,"[8, 6]"
legacy_replay_0.5mm,10,20,S2,2460,V/(A*m^2),17721.769234000018,18974.07175928401,1220.5250477263678,"[12, 2]"
legacy_replay_0.5mm,10,100,L1,2520,V/(A*m^2),18363.81593566874,11221.81112537228,-7142.004810296458,"[0, 14]"
legacy_replay_0.5mm,10,100,L2,2520,V/(A*m^2),18486.896204956545,11953.711808569136,-6533.184396387411,"[0, 14]"
legacy_replay_0.5mm,10,100,L3,2520,V/(A*m^2),16585.754041662734,10747.190981593674,-5838.563060069064,"[1, 13]"
legacy_replay_0.5mm,10,100,L4,2520,V/(A*m^2),18483.310867086046,9229.027450112077,-9254.283416973969,"[0, 14]"
legacy_replay_0.5mm,10,100,L5,2520,V/(A*m^2),16804.03306696256,9837.220679568425,-6966.812387394132,"[1, 13]"
legacy_replay_0.5mm,10,100,S1,2520,V/(A*m^2),21103.857687945263,14582.279603361085,-6521.578084584178,"[2, 12]"
legacy_replay_0.5mm,10,100,S2,2460,V/(A*m^2),17721.769234000018,18715.21791874582,862.1352857197811,"[5, 9]"
legacy_replay_0.5mm,20,100,L1,2520,V/(A*m^2),19112.830387196973,11221.81112537228,-7891.019261824694,"[0, 14]"
legacy_replay_0.5mm,20,100,L2,2520,V/(A*m^2),18956.293097364636,11953.711808569136,-7002.581288795498,"[0, 14]"
legacy_replay_0.5mm,20,100,L3,2520,V/(A*m^2),16283.018045437108,10747.190981593674,-5535.827063843435,"[1, 13]"
legacy_replay_0.5mm,20,100,L4,2520,V/(A*m^2),18513.51777959297,9229.027450112077,-9284.490329480892,"[0, 14]"
legacy_replay_0.5mm,20,100,L5,2520,V/(A*m^2),16632.194954372655,9837.220679568425,-6794.974274804234,"[1, 13]"
legacy_replay_0.5mm,20,100,S1,2520,V/(A*m^2),22375.47783471162,14582.279603361085,-7793.198231350537,"[0, 14]"
legacy_replay_0.5mm,20,100,S2,2460,V/(A*m^2),18974.07175928401,18715.21791874582,-358.3897620065862,"[4, 10]"
nearest_complete_0.5mm,0,10,L1,2520,V/(A*m^2),16008.82394954943,16646.559078850456,637.7351293010228,"[13, 1]"
nearest_complete_0.5mm,0,10,L2,2520,V/(A*m^2),16197.118340594689,16724.48065687338,527.3623162786932,"[8, 6]"
nearest_complete_0.5mm,0,10,L3,2520,V/(A*m^2),14367.44684532167,14375.097645283715,7.650799962041769,"[6, 8]"
nearest_complete_0.5mm,0,10,L4,2520,V/(A*m^2),15406.234704178318,15862.144428653459,455.9097244751404,"[5, 9]"
nearest_complete_0.5mm,0,10,L5,2520,V/(A*m^2),14061.128612785893,14198.123735280624,136.99512249473153,"[5, 9]"
nearest_complete_0.5mm,0,10,S1,2475,V/(A*m^2),18355.2627449312,19531.884716734196,1155.5520015471395,"[10, 4]"
nearest_complete_0.5mm,0,10,S2,2460,V/(A*m^2),14559.475058087342,15551.041943429867,968.4206170587252,"[13, 1]"
nearest_complete_0.5mm,0,20,L1,2520,V/(A*m^2),16008.82394954943,17393.730662682097,1384.9067131326647,"[12, 2]"
nearest_complete_0.5mm,0,20,L2,2520,V/(A*m^2),16197.118340594689,17316.822550314653,1119.7042097199662,"[8, 6]"
nearest_complete_0.5mm,0,20,L3,2520,V/(A*m^2),14367.44684532167,14317.957585339289,-49.489259982381164,"[6, 8]"
nearest_complete_0.5mm,0,20,L4,2520,V/(A*m^2),15406.234704178318,16161.456006115528,755.2213019372106,"[5, 9]"
nearest_complete_0.5mm,0,20,L5,2520,V/(A*m^2),14061.128612785893,14208.922957308721,147.79434452282607,"[4, 10]"
nearest_complete_0.5mm,0,20,S1,2475,V/(A*m^2),18355.2627449312,20744.016479452155,2343.9570594115207,"[10, 4]"
nearest_complete_0.5mm,0,20,S2,2460,V/(A*m^2),14559.475058087342,16729.64506080008,2117.577982661188,"[12, 2]"
nearest_complete_0.5mm,0,100,L1,2520,V/(A*m^2),16008.82394954943,10489.447254815404,-5519.376694734026,"[0, 14]"
nearest_complete_0.5mm,0,100,L2,2520,V/(A*m^2),16197.118340594689,11304.017060944117,-4893.101279650569,"[1, 13]"
nearest_complete_0.5mm,0,100,L3,2520,V/(A*m^2),14367.44684532167,10297.334370205523,-4070.112475116151,"[1, 13]"
nearest_complete_0.5mm,0,100,L4,2520,V/(A*m^2),15406.234704178318,8596.744253939714,-6809.490450238603,"[0, 14]"
nearest_complete_0.5mm,0,100,L5,2520,V/(A*m^2),14061.128612785893,9162.502776268944,-4898.625836516951,"[1, 13]"
nearest_complete_0.5mm,0,100,S1,2475,V/(A*m^2),18355.2627449312,13629.497143929004,-4702.603775166174,"[3, 11]"
nearest_complete_0.5mm,0,100,S2,2460,V/(A*m^2),14559.475058087342,16956.866484391026,2268.985761989058,"[6, 8]"
nearest_complete_0.5mm,10,20,L1,2520,V/(A*m^2),16646.559078850456,17393.730662682097,747.1715838316413,"[12, 2]"
nearest_complete_0.5mm,10,20,L2,2520,V/(A*m^2),16724.48065687338,17316.822550314653,592.3418934412733,"[8, 6]"
nearest_complete_0.5mm,10,20,L3,2520,V/(A*m^2),14375.097645283715,14317.957585339289,-57.14005994442294,"[6, 8]"
nearest_complete_0.5mm,10,20,L4,2520,V/(A*m^2),15862.144428653459,16161.456006115528,299.3115774620702,"[5, 9]"
nearest_complete_0.5mm,10,20,L5,2520,V/(A*m^2),14198.123735280624,14208.922957308721,10.799222028094524,"[4, 10]"
nearest_complete_0.5mm,10,20,S1,2475,V/(A*m^2),19531.884716734196,20744.016479452155,1188.4050578643812,"[9, 5]"
nearest_complete_0.5mm,10,20,S2,2460,V/(A*m^2),15551.041943429867,16729.64506080008,1149.1573656024632,"[12, 2]"
nearest_complete_0.5mm,10,100,L1,2520,V/(A*m^2),16646.559078850456,10489.447254815404,-6157.111824035048,"[0, 14]"
nearest_complete_0.5mm,10,100,L2,2520,V/(A*m^2),16724.48065687338,11304.017060944117,-5420.463595929263,"[0, 14]"
nearest_complete_0.5mm,10,100,L3,2520,V/(A*m^2),14375.097645283715,10297.334370205523,-4077.7632750781922,"[1, 13]"
nearest_complete_0.5mm,10,100,L4,2520,V/(A*m^2),15862.144428653459,8596.744253939714,-7265.4001747137445,"[0, 14]"
nearest_complete_0.5mm,10,100,L5,2520,V/(A*m^2),14198.123735280624,9162.502776268944,-5035.620959011683,"[1, 13]"
nearest_complete_0.5mm,10,100,S1,2475,V/(A*m^2),19531.884716734196,13629.497143929004,-5858.1557767133145,"[1, 13]"
nearest_complete_0.5mm,10,100,S2,2460,V/(A*m^2),15551.041943429867,16956.866484391026,1300.5651449303332,"[5, 9]"
nearest_complete_0.5mm,20,100,L1,2520,V/(A*m^2),17393.730662682097,10489.447254815404,-6904.283407866691,"[0, 14]"
nearest_complete_0.5mm,20,100,L2,2520,V/(A*m^2),17316.822550314653,11304.017060944117,-6012.805489370535,"[0, 14]"
nearest_complete_0.5mm,20,100,L3,2520,V/(A*m^2),14317.957585339289,10297.334370205523,-4020.623215133769,"[1, 13]"
nearest_complete_0.5mm,20,100,L4,2520,V/(A*m^2),16161.456006115528,8596.744253939714,-7564.711752175814,"[0, 14]"
nearest_complete_0.5mm,20,100,L5,2520,V/(A*m^2),14208.922957308721,9162.502776268944,-5046.420181039776,"[1, 13]"
nearest_complete_0.5mm,20,100,S1,2475,V/(A*m^2),20744.016479452155,13629.497143929004,-7046.5608345776955,"[0, 14]"
nearest_complete_0.5mm,20,100,S2,2460,V/(A*m^2),16729.64506080008,16956.866484391026,151.40777932787032,"[4, 10]"
p1_complete_0.25mm,0,10,L1,2520,V/(A*m^2),10812.047303880918,11707.221508835746,895.1742049548277,"[12, 2]"
p1_complete_0.25mm,0,10,L2,2520,V/(A*m^2),11203.00867627711,11793.597114553135,590.5884382760249,"[12, 2]"
p1_complete_0.25mm,0,10,L3,2520,V/(A*m^2),8706.837768213418,8843.149972415898,136.31220420248218,"[12, 2]"
p1_complete_0.25mm,0,10,L4,2520,V/(A*m^2),10443.231219627014,10965.413504226342,522.1822845993278,"[12, 2]"
p1_complete_0.25mm,0,10,L5,2520,V/(A*m^2),9322.887641791789,9582.465138442685,259.5774966508966,"[12, 2]"
p1_complete_0.25mm,0,10,S1,2475,V/(A*m^2),13444.873967441628,14354.259108525994,893.7542895148543,"[12, 2]"
p1_complete_0.25mm,0,10,S2,2460,V/(A*m^2),9090.034059655658,9890.050333059919,781.4768602929289,"[14, 0]"
p1_complete_0.25mm,0,20,L1,2520,V/(A*m^2),10812.047303880918,12622.707092827584,1810.6597889466666,"[12, 2]"
p1_complete_0.25mm,0,20,L2,2520,V/(A*m^2),11203.00867627711,12384.854205253534,1181.845528976426,"[12, 2]"
p1_complete_0.25mm,0,20,L3,2520,V/(A*m^2),8706.837768213418,8999.788462940323,292.9506947269054,"[12, 2]"
p1_complete_0.25mm,0,20,L4,2520,V/(A*m^2),10443.231219627014,11408.742586231932,965.5113666049175,"[12, 2]"
p1_complete_0.25mm,0,20,L5,2520,V/(A*m^2),9322.887641791789,9829.427228486344,506.53958669455477,"[12, 2]"
p1_complete_0.25mm,0,20,S1,2475,V/(A*m^2),13444.873967441628,15255.714666723736,1779.1589534186655,"[12, 2]"
p1_complete_0.25mm,0,20,S2,2460,V/(A*m^2),9090.034059655658,10851.299095800658,1720.3628094063818,"[14, 0]"
p1_complete_0.25mm,0,100,L1,2520,V/(A*m^2),10812.047303880918,8040.271714152854,-2771.7755897280654,"[0, 14]"
p1_complete_0.25mm,0,100,L2,2520,V/(A*m^2),11203.00867627711,8171.869394656543,-3031.1392816205657,"[2, 12]"
p1_complete_0.25mm,0,100,L3,2520,V/(A*m^2),8706.837768213418,7199.814192784179,-1507.0235754292387,"[4, 10]"
p1_complete_0.25mm,0,100,L4,2520,V/(A*m^2),10443.231219627014,6224.6461804182,-4218.585039208815,"[4, 10]"
p1_complete_0.25mm,0,100,L5,2520,V/(A*m^2),9322.887641791789,7480.752390869473,-1842.1352509223143,"[5, 9]"
p1_complete_0.25mm,0,100,S1,2475,V/(A*m^2),13444.873967441628,9322.21872551025,-4027.3873829632835,"[5, 9]"
p1_complete_0.25mm,0,100,S2,2460,V/(A*m^2),9090.034059655658,12063.100251085154,2968.0713342969257,"[10, 4]"
p1_complete_0.25mm,10,20,L1,2520,V/(A*m^2),11707.221508835746,12622.707092827584,915.4855839918382,"[12, 2]"
p1_complete_0.25mm,10,20,L2,2520,V/(A*m^2),11793.597114553135,12384.854205253534,591.2570907004012,"[12, 2]"
p1_complete_0.25mm,10,20,L3,2520,V/(A*m^2),8843.149972415898,8999.788462940323,156.63849052442313,"[12, 2]"
p1_complete_0.25mm,10,20,L4,2520,V/(A*m^2),10965.413504226342,11408.742586231932,443.3290820055898,"[12, 2]"
p1_complete_0.25mm,10,20,L5,2520,V/(A*m^2),9582.465138442685,9829.427228486344,246.96209004365843,"[12, 2]"
p1_complete_0.25mm,10,20,S1,2475,V/(A*m^2),14354.259108525994,15255.714666723736,885.404663903811,"[12, 2]"
p1_complete_0.25mm,10,20,S2,2460,V/(A*m^2),9890.050333059919,10851.299095800658,938.8859491134526,"[14, 0]"
p1_complete_0.25mm,10,100,L1,2520,V/(A*m^2),11707.221508835746,8040.271714152854,-3666.9497946828933,"[0, 14]"
p1_complete_0.25mm,10,100,L2,2520,V/(A*m^2),11793.597114553135,8171.869394656543,-3621.7277198965917,"[1, 13]"
p1_complete_0.25mm,10,100,L3,2520,V/(A*m^2),8843.149972415898,7199.814192784179,-1643.3357796317207,"[4, 10]"
p1_complete_0.25mm,10,100,L4,2520,V/(A*m^2),10965.413504226342,6224.6461804182,-4740.7673238081425,"[4, 10]"
p1_complete_0.25mm,10,100,L5,2520,V/(A*m^2),9582.465138442685,7480.752390869473,-2101.7127475732113,"[5, 9]"
p1_complete_0.25mm,10,100,S1,2475,V/(A*m^2),14354.259108525994,9322.21872551025,-4921.141672478139,"[4, 10]"
p1_complete_0.25mm,10,100,S2,2460,V/(A*m^2),9890.050333059919,12063.100251085154,2186.5944740039968,"[10, 4]"
p1_complete_0.25mm,20,100,L1,2520,V/(A*m^2),12622.707092827584,8040.271714152854,-4582.435378674732,"[0, 14]"
p1_complete_0.25mm,20,100,L2,2520,V/(A*m^2),12384.854205253534,8171.869394656543,-4212.984810596992,"[1, 13]"
p1_complete_0.25mm,20,100,L3,2520,V/(A*m^2),8999.788462940323,7199.814192784179,-1799.9742701561438,"[4, 10]"
p1_complete_0.25mm,20,100,L4,2520,V/(A*m^2),11408.742586231932,6224.6461804182,-5184.096405813732,"[3, 11]"
p1_complete_0.25mm,20,100,L5,2520,V/(A*m^2),9829.427228486344,7480.752390869473,-2348.6748376168694,"[4, 10]"
p1_complete_0.25mm,20,100,S1,2475,V/(A*m^2),15255.714666723736,9322.21872551025,-5806.546336381949,"[4, 10]"
p1_complete_0.25mm,20,100,S2,2460,V/(A*m^2),10851.299095800658,12063.100251085154,1247.7085248905437,"[8, 6]"
p1_complete_0.125mm,0,10,L1,2520,V/(A*m^2),10842.405147842499,11740.151957630807,897.7468097883087,"[12, 2]"
p1_complete_0.125mm,0,10,L2,2520,V/(A*m^2),11232.81414563042,11824.916341039816,592.1021954093951,"[12, 2]"
p1_complete_0.125mm,0,10,L3,2520,V/(A*m^2),8731.904331058964,8868.649952860653,136.74562180168755,"[12, 2]"
p1_complete_0.125mm,0,10,L4,2520,V/(A*m^2),10471.449120168701,10995.321340264758,523.8722200960559,"[12, 2]"
p1_complete_0.125mm,0,10,L5,2520,V/(A*m^2),9346.593115281343,9607.809086299942,261.2159710185988,"[12, 2]"
p1_complete_0.125mm,0,10,S1,2475,V/(A*m^2),13488.951608430938,14402.928262961856,898.2631570473168,"[12, 2]"
p1_complete_0.125mm,0,10,S2,2460,V/(A*m^2),9124.24274097857,9928.857609812881,785.9837158050393,"[14, 0]"
p1_complete_0.125mm,0,20,L1,2520,V/(A*m^2),10842.405147842499,12659.063970414305,1816.6588225718071,"[12, 2]"
p1_complete_0.125mm,0,20,L2,2520,V/(A*m^2),11232.81414563042,12417.727180871381,1184.9130352409607,"[12, 2]"
p1_complete_0.125mm,0,20,L3,2520,V/(A*m^2),8731.904331058964,9026.117161281762,294.2128302227961,"[12, 2]"
p1_complete_0.125mm,0,20,L4,2520,V/(A*m^2),10471.449120168701,11440.348798039817,968.8996778711155,"[12, 2]"
p1_complete_0.125mm,0,20,L5,2520,V/(A*m^2),9346.593115281343,9856.687917752535,510.09480247119296,"[12, 2]"
p1_complete_0.125mm,0,20,S1,2475,V/(A*m^2),13488.951608430938,15309.507236736781,1788.6964812432198,"[12, 2]"
p1_complete_0.125mm,0,20,S2,2460,V/(A*m^2),9124.24274097857,10895.841907187069,1730.5408151509748,"[14, 0]"
p1_complete_0.125mm,0,100,L1,2520,V/(A*m^2),10842.405147842499,8064.007025515205,-2778.398122327293,"[0, 14]"
p1_complete_0.125mm,0,100,L2,2520,V/(A*m^2),11232.81414563042,8199.54218530008,-3033.2719603303412,"[2, 12]"
p1_complete_0.125mm,0,100,L3,2520,V/(A*m^2),8731.904331058964,7225.852460196818,-1506.0518708621476,"[4, 10]"
p1_complete_0.125mm,0,100,L4,2520,V/(A*m^2),10471.449120168701,6246.311080226831,-4225.138039941871,"[4, 10]"
p1_complete_0.125mm,0,100,L5,2520,V/(A*m^2),9346.593115281343,7503.533066538328,-1843.060048743015,"[5, 9]"
p1_complete_0.125mm,0,100,S1,2475,V/(A*m^2),13488.951608430938,9360.685453670798,-4032.820567178994,"[5, 9]"
p1_complete_0.125mm,0,100,S2,2460,V/(A*m^2),9124.24274097857,12118.982101060892,2989.454899993055,"[10, 4]"
p1_complete_0.125mm,10,20,L1,2520,V/(A*m^2),11740.151957630807,12659.063970414305,918.9120127834983,"[12, 2]"
p1_complete_0.125mm,10,20,L2,2520,V/(A*m^2),11824.916341039816,12417.727180871381,592.8108398315655,"[12, 2]"
p1_complete_0.125mm,10,20,L3,2520,V/(A*m^2),8868.649952860653,9026.117161281762,157.46720842110878,"[12, 2]"
p1_complete_0.125mm,10,20,L4,2520,V/(A*m^2),10995.321340264758,11440.348798039817,445.0274577750594,"[12, 2]"
p1_complete_0.125mm,10,20,L5,2520,V/(A*m^2),9607.809086299942,9856.687917752535,248.87883145259434,"[13, 1]"
p1_complete_0.125mm,10,20,S1,2475,V/(A*m^2),14402.928262961856,15309.507236736781,890.4333241959031,"[12, 2]"
p1_complete_0.125mm,10,20,S2,2460,V/(A*m^2),9928.857609812881,10895.841907187069,944.5570993459354,"[14, 0]"
p1_complete_0.125mm,10,100,L1,2520,V/(A*m^2),11740.151957630807,8064.007025515205,-3676.1449321156024,"[0, 14]"
p1_complete_0.125mm,10,100,L2,2520,V/(A*m^2),11824.916341039816,8199.54218530008,-3625.374155739737,"[1, 13]"
p1_complete_0.125mm,10,100,L3,2520,V/(A*m^2),8868.649952860653,7225.852460196818,-1642.7974926638344,"[4, 10]"
p1_complete_0.125mm,10,100,L4,2520,V/(A*m^2),10995.321340264758,6246.311080226831,-4749.010260037926,"[4, 10]"
p1_complete_0.125mm,10,100,L5,2520,V/(A*m^2),9607.809086299942,7503.533066538328,-2104.276019761614,"[5, 9]"
p1_complete_0.125mm,10,100,S1,2475,V/(A*m^2),14402.928262961856,9360.685453670798,-4931.083724226312,"[4, 10]"
p1_complete_0.125mm,10,100,S2,2460,V/(A*m^2),9928.857609812881,12118.982101060892,2203.4711841880157,"[10, 4]"
p1_complete_0.125mm,20,100,L1,2520,V/(A*m^2),12659.063970414305,8064.007025515205,-4595.0569448991,"[0, 14]"
p1_complete_0.125mm,20,100,L2,2520,V/(A*m^2),12417.727180871381,8199.54218530008,-4218.184995571303,"[1, 13]"
p1_complete_0.125mm,20,100,L3,2520,V/(A*m^2),9026.117161281762,7225.852460196818,-1800.2647010849435,"[4, 10]"
p1_complete_0.125mm,20,100,L4,2520,V/(A*m^2),11440.348798039817,6246.311080226831,-5194.037717812986,"[3, 11]"
p1_complete_0.125mm,20,100,L5,2520,V/(A*m^2),9856.687917752535,7503.533066538328,-2353.154851214208,"[4, 10]"
p1_complete_0.125mm,20,100,S1,2475,V/(A*m^2),15309.507236736781,9360.685453670798,-5821.5170484222135,"[4, 10]"
p1_complete_0.125mm,20,100,S2,2460,V/(A*m^2),10895.841907187069,12118.982101060892,1258.91408484208,"[8, 6]"
